onset	duration	trial_type	value	sample
51.663	n/a	NonTarget	1	51663
51.762	n/a	NonTarget	1	51762
51.862	n/a	NonTarget	1	51862
51.962	n/a	NonTarget	1	51962
52.062	n/a	NonTarget	1	52062
52.162	n/a	NonTarget	1	52162
52.262	n/a	NonTarget	1	52262
52.363	n/a	NonTarget	1	52363
52.462	n/a	NonTarget	1	52462
52.562	n/a	NonTarget	1	52562
52.662	n/a	NonTarget	1	52662
52.763	n/a	NonTarget	1	52763
52.863	n/a	Target	2	52863
52.963	n/a	NonTarget	1	52963
53.063	n/a	NonTarget	1	53063
53.163	n/a	NonTarget	1	53163
53.263	n/a	NonTarget	1	53263
53.363	n/a	NonTarget	1	53363
53.463	n/a	NonTarget	1	53463
53.563	n/a	NonTarget	1	53563
53.663	n/a	NonTarget	1	53663
53.763	n/a	NonTarget	1	53763
53.863	n/a	NonTarget	1	53863
53.963	n/a	NonTarget	1	53963
54.063	n/a	NonTarget	1	54063
54.163	n/a	Target	2	54163
54.263	n/a	NonTarget	1	54263
54.363	n/a	NonTarget	1	54363
54.463	n/a	NonTarget	1	54463
54.563	n/a	NonTarget	1	54563
54.663	n/a	NonTarget	1	54663
54.763	n/a	NonTarget	1	54763
54.864	n/a	NonTarget	1	54864
54.964	n/a	NonTarget	1	54964
55.064	n/a	NonTarget	1	55064
55.164	n/a	NonTarget	1	55164
55.264	n/a	NonTarget	1	55264
55.364	n/a	NonTarget	1	55364
55.464	n/a	NonTarget	1	55464
55.564	n/a	NonTarget	1	55564
55.664	n/a	NonTarget	1	55664
55.764	n/a	NonTarget	1	55764
55.864	n/a	NonTarget	1	55864
55.964	n/a	Target	2	55964
56.064	n/a	NonTarget	1	56064
56.164	n/a	NonTarget	1	56164
56.264	n/a	NonTarget	1	56264
56.364	n/a	NonTarget	1	56364
56.464	n/a	NonTarget	1	56464
56.565	n/a	NonTarget	1	56565
56.665	n/a	NonTarget	1	56665
56.765	n/a	NonTarget	1	56765
56.865	n/a	NonTarget	1	56865
56.965	n/a	NonTarget	1	56965
57.065	n/a	NonTarget	1	57065
57.165	n/a	NonTarget	1	57165
57.265	n/a	NonTarget	1	57265
57.365	n/a	Target	2	57365
57.465	n/a	NonTarget	1	57465
57.565	n/a	NonTarget	1	57565
57.665	n/a	NonTarget	1	57665
57.765	n/a	NonTarget	1	57765
57.865	n/a	NonTarget	1	57865
57.965	n/a	NonTarget	1	57965
58.066	n/a	NonTarget	1	58066
58.166	n/a	NonTarget	1	58166
58.266	n/a	NonTarget	1	58266
58.366	n/a	NonTarget	1	58366
58.466	n/a	NonTarget	1	58466
58.566	n/a	NonTarget	1	58566
58.666	n/a	NonTarget	1	58666
58.766	n/a	NonTarget	1	58766
58.866	n/a	NonTarget	1	58866
58.966	n/a	NonTarget	1	58966
59.066	n/a	NonTarget	1	59066
59.166	n/a	NonTarget	1	59166
59.266	n/a	NonTarget	1	59266
59.366	n/a	NonTarget	1	59366
59.466	n/a	NonTarget	1	59466
59.566	n/a	NonTarget	1	59566
59.667	n/a	NonTarget	1	59667
59.766	n/a	NonTarget	1	59766
59.867	n/a	NonTarget	1	59867
59.967	n/a	NonTarget	1	59967
60.067	n/a	NonTarget	1	60067
60.167	n/a	NonTarget	1	60167
60.267	n/a	NonTarget	1	60267
60.367	n/a	NonTarget	1	60367
60.467	n/a	NonTarget	1	60467
60.567	n/a	NonTarget	1	60567
60.667	n/a	NonTarget	1	60667
60.767	n/a	NonTarget	1	60767
60.867	n/a	NonTarget	1	60867
60.967	n/a	NonTarget	1	60967
61.067	n/a	NonTarget	1	61067
61.167	n/a	NonTarget	1	61167
61.267	n/a	NonTarget	1	61267
61.367	n/a	NonTarget	1	61367
61.467	n/a	NonTarget	1	61467
61.567	n/a	NonTarget	1	61567
75.692	n/a	NonTarget	1	75692
75.792	n/a	NonTarget	1	75792
75.892	n/a	NonTarget	1	75892
75.992	n/a	NonTarget	1	75992
76.092	n/a	NonTarget	1	76092
76.192	n/a	NonTarget	1	76192
76.292	n/a	NonTarget	1	76292
76.392	n/a	NonTarget	1	76392
76.492	n/a	NonTarget	1	76492
76.592	n/a	NonTarget	1	76592
76.692	n/a	NonTarget	1	76692
76.792	n/a	NonTarget	1	76792
76.892	n/a	NonTarget	1	76892
76.993	n/a	NonTarget	1	76993
77.093	n/a	NonTarget	1	77093
77.193	n/a	NonTarget	1	77193
77.293	n/a	NonTarget	1	77293
77.393	n/a	NonTarget	1	77393
77.493	n/a	Target	2	77493
77.593	n/a	NonTarget	1	77593
77.693	n/a	NonTarget	1	77693
77.793	n/a	NonTarget	1	77793
77.893	n/a	NonTarget	1	77893
77.993	n/a	NonTarget	1	77993
78.093	n/a	NonTarget	1	78093
78.193	n/a	NonTarget	1	78193
78.293	n/a	NonTarget	1	78293
78.393	n/a	NonTarget	1	78393
78.493	n/a	NonTarget	1	78493
78.593	n/a	NonTarget	1	78593
78.693	n/a	NonTarget	1	78693
78.794	n/a	NonTarget	1	78794
78.894	n/a	NonTarget	1	78894
78.993	n/a	NonTarget	1	78993
79.094	n/a	NonTarget	1	79094
79.194	n/a	NonTarget	1	79194
79.294	n/a	NonTarget	1	79294
79.394	n/a	NonTarget	1	79394
79.494	n/a	NonTarget	1	79494
79.594	n/a	NonTarget	1	79594
79.694	n/a	NonTarget	1	79694
79.794	n/a	NonTarget	1	79794
79.894	n/a	NonTarget	1	79894
79.994	n/a	NonTarget	1	79994
80.094	n/a	NonTarget	1	80094
80.194	n/a	NonTarget	1	80194
80.294	n/a	NonTarget	1	80294
80.394	n/a	NonTarget	1	80394
80.494	n/a	NonTarget	1	80494
80.594	n/a	NonTarget	1	80594
80.695	n/a	NonTarget	1	80695
80.795	n/a	NonTarget	1	80795
80.895	n/a	NonTarget	1	80895
80.995	n/a	NonTarget	1	80995
81.095	n/a	NonTarget	1	81095
81.195	n/a	NonTarget	1	81195
81.295	n/a	Target	2	81295
81.395	n/a	NonTarget	1	81395
81.495	n/a	NonTarget	1	81495
81.595	n/a	NonTarget	1	81595
81.695	n/a	NonTarget	1	81695
81.795	n/a	NonTarget	1	81795
81.895	n/a	NonTarget	1	81895
81.995	n/a	NonTarget	1	81995
82.095	n/a	NonTarget	1	82095
82.195	n/a	Target	2	82195
82.295	n/a	NonTarget	1	82295
82.395	n/a	NonTarget	1	82395
82.495	n/a	NonTarget	1	82495
82.595	n/a	NonTarget	1	82595
82.695	n/a	NonTarget	1	82695
82.795	n/a	NonTarget	1	82795
82.896	n/a	NonTarget	1	82896
82.996	n/a	NonTarget	1	82996
83.096	n/a	NonTarget	1	83096
83.196	n/a	NonTarget	1	83196
83.296	n/a	NonTarget	1	83296
83.396	n/a	NonTarget	1	83396
83.496	n/a	NonTarget	1	83496
83.596	n/a	Target	2	83596
83.696	n/a	NonTarget	1	83696
83.796	n/a	NonTarget	1	83796
83.896	n/a	NonTarget	1	83896
83.996	n/a	NonTarget	1	83996
84.096	n/a	NonTarget	1	84096
84.196	n/a	NonTarget	1	84196
84.296	n/a	NonTarget	1	84296
84.397	n/a	NonTarget	1	84397
84.497	n/a	NonTarget	1	84497
84.597	n/a	NonTarget	1	84597
84.697	n/a	NonTarget	1	84697
84.797	n/a	NonTarget	1	84797
84.897	n/a	NonTarget	1	84897
84.997	n/a	NonTarget	1	84997
85.097	n/a	NonTarget	1	85097
85.197	n/a	NonTarget	1	85197
85.297	n/a	NonTarget	1	85297
85.397	n/a	NonTarget	1	85397
85.497	n/a	NonTarget	1	85497
85.597	n/a	NonTarget	1	85597
100.405	n/a	NonTarget	1	100405
100.505	n/a	NonTarget	1	100505
100.605	n/a	NonTarget	1	100605
100.705	n/a	NonTarget	1	100705
100.805	n/a	NonTarget	1	100805
100.906	n/a	NonTarget	1	100906
101.005	n/a	NonTarget	1	101005
101.105	n/a	NonTarget	1	101105
101.206	n/a	NonTarget	1	101206
101.306	n/a	NonTarget	1	101306
101.406	n/a	NonTarget	1	101406
101.506	n/a	NonTarget	1	101506
101.606	n/a	NonTarget	1	101606
101.706	n/a	NonTarget	1	101706
101.806	n/a	NonTarget	1	101806
101.906	n/a	NonTarget	1	101906
102.006	n/a	NonTarget	1	102006
102.107	n/a	Target	2	102107
102.206	n/a	NonTarget	1	102206
102.306	n/a	NonTarget	1	102306
102.406	n/a	NonTarget	1	102406
102.506	n/a	NonTarget	1	102506
102.606	n/a	NonTarget	1	102606
102.706	n/a	NonTarget	1	102706
102.806	n/a	NonTarget	1	102806
102.906	n/a	NonTarget	1	102906
103.007	n/a	NonTarget	1	103007
103.107	n/a	NonTarget	1	103107
103.207	n/a	NonTarget	1	103207
103.307	n/a	NonTarget	1	103307
103.407	n/a	NonTarget	1	103407
103.507	n/a	NonTarget	1	103507
103.607	n/a	NonTarget	1	103607
103.707	n/a	NonTarget	1	103707
103.807	n/a	NonTarget	1	103807
103.907	n/a	NonTarget	1	103907
104.007	n/a	NonTarget	1	104007
104.107	n/a	NonTarget	1	104107
104.207	n/a	NonTarget	1	104207
104.307	n/a	NonTarget	1	104307
104.407	n/a	NonTarget	1	104407
104.507	n/a	NonTarget	1	104507
104.607	n/a	NonTarget	1	104607
104.707	n/a	NonTarget	1	104707
104.808	n/a	NonTarget	1	104808
104.908	n/a	NonTarget	1	104908
105.008	n/a	NonTarget	1	105008
105.108	n/a	NonTarget	1	105108
105.208	n/a	Target	2	105208
105.308	n/a	NonTarget	1	105308
105.408	n/a	NonTarget	1	105408
105.508	n/a	NonTarget	1	105508
105.608	n/a	NonTarget	1	105608
105.708	n/a	NonTarget	1	105708
105.808	n/a	NonTarget	1	105808
105.908	n/a	NonTarget	1	105908
106.008	n/a	NonTarget	1	106008
106.108	n/a	NonTarget	1	106108
106.208	n/a	NonTarget	1	106208
106.308	n/a	NonTarget	1	106308
106.409	n/a	Target	2	106409
106.509	n/a	NonTarget	1	106509
106.609	n/a	NonTarget	1	106609
106.709	n/a	NonTarget	1	106709
106.809	n/a	NonTarget	1	106809
106.909	n/a	NonTarget	1	106909
107.009	n/a	NonTarget	1	107009
107.109	n/a	NonTarget	1	107109
107.209	n/a	NonTarget	1	107209
107.309	n/a	NonTarget	1	107309
107.409	n/a	NonTarget	1	107409
107.509	n/a	NonTarget	1	107509
107.609	n/a	NonTarget	1	107609
107.709	n/a	NonTarget	1	107709
107.809	n/a	NonTarget	1	107809
107.909	n/a	NonTarget	1	107909
108.006	n/a	NonTarget	1	108006
108.109	n/a	NonTarget	1	108109
108.21	n/a	NonTarget	1	108210
108.31	n/a	NonTarget	1	108310
108.41	n/a	NonTarget	1	108410
108.51	n/a	NonTarget	1	108510
108.61	n/a	NonTarget	1	108610
108.71	n/a	NonTarget	1	108710
108.81	n/a	NonTarget	1	108810
108.91	n/a	NonTarget	1	108910
109.01	n/a	Target	2	109010
109.11	n/a	NonTarget	1	109110
109.21	n/a	NonTarget	1	109210
109.31	n/a	NonTarget	1	109310
109.41	n/a	NonTarget	1	109410
109.51	n/a	NonTarget	1	109510
109.61	n/a	NonTarget	1	109610
109.71	n/a	NonTarget	1	109710
109.811	n/a	NonTarget	1	109811
109.91	n/a	NonTarget	1	109910
110.01	n/a	NonTarget	1	110010
110.111	n/a	NonTarget	1	110111
110.211	n/a	NonTarget	1	110211
110.311	n/a	NonTarget	1	110311
121.75	n/a	NonTarget	1	121750
121.85	n/a	NonTarget	1	121850
121.95	n/a	NonTarget	1	121950
122.051	n/a	NonTarget	1	122051
122.15	n/a	NonTarget	1	122150
122.25	n/a	NonTarget	1	122250
122.347	n/a	NonTarget	1	122347
122.45	n/a	NonTarget	1	122450
122.551	n/a	NonTarget	1	122551
122.651	n/a	NonTarget	1	122651
122.751	n/a	NonTarget	1	122751
122.851	n/a	NonTarget	1	122851
122.951	n/a	NonTarget	1	122951
123.051	n/a	NonTarget	1	123051
123.151	n/a	NonTarget	1	123151
123.251	n/a	NonTarget	1	123251
123.351	n/a	NonTarget	1	123351
123.451	n/a	NonTarget	1	123451
123.551	n/a	NonTarget	1	123551
123.651	n/a	NonTarget	1	123651
123.751	n/a	NonTarget	1	123751
123.848	n/a	NonTarget	1	123848
123.951	n/a	NonTarget	1	123951
124.051	n/a	Target	2	124051
124.152	n/a	NonTarget	1	124152
124.251	n/a	NonTarget	1	124251
124.352	n/a	NonTarget	1	124352
124.452	n/a	NonTarget	1	124452
124.552	n/a	NonTarget	1	124552
124.652	n/a	NonTarget	1	124652
124.752	n/a	NonTarget	1	124752
124.852	n/a	NonTarget	1	124852
124.952	n/a	NonTarget	1	124952
125.052	n/a	NonTarget	1	125052
125.152	n/a	NonTarget	1	125152
125.252	n/a	NonTarget	1	125252
125.352	n/a	NonTarget	1	125352
125.452	n/a	NonTarget	1	125452
125.552	n/a	NonTarget	1	125552
125.652	n/a	Target	2	125652
125.752	n/a	NonTarget	1	125752
125.852	n/a	NonTarget	1	125852
125.953	n/a	NonTarget	1	125953
126.053	n/a	NonTarget	1	126053
126.153	n/a	NonTarget	1	126153
126.253	n/a	NonTarget	1	126253
126.353	n/a	NonTarget	1	126353
126.453	n/a	NonTarget	1	126453
126.553	n/a	NonTarget	1	126553
126.653	n/a	NonTarget	1	126653
126.753	n/a	NonTarget	1	126753
126.853	n/a	NonTarget	1	126853
126.953	n/a	NonTarget	1	126953
127.053	n/a	NonTarget	1	127053
127.153	n/a	NonTarget	1	127153
127.253	n/a	NonTarget	1	127253
127.353	n/a	NonTarget	1	127353
127.453	n/a	NonTarget	1	127453
127.554	n/a	NonTarget	1	127554
127.653	n/a	NonTarget	1	127653
127.754	n/a	NonTarget	1	127754
127.853	n/a	NonTarget	1	127853
127.954	n/a	NonTarget	1	127954
128.053	n/a	NonTarget	1	128053
128.154	n/a	NonTarget	1	128154
128.254	n/a	NonTarget	1	128254
128.354	n/a	NonTarget	1	128354
128.454	n/a	NonTarget	1	128454
128.554	n/a	NonTarget	1	128554
128.654	n/a	NonTarget	1	128654
128.754	n/a	NonTarget	1	128754
128.854	n/a	NonTarget	1	128854
128.954	n/a	NonTarget	1	128954
129.054	n/a	NonTarget	1	129054
129.154	n/a	NonTarget	1	129154
129.254	n/a	Target	2	129254
129.354	n/a	NonTarget	1	129354
129.454	n/a	NonTarget	1	129454
129.554	n/a	NonTarget	1	129554
129.655	n/a	NonTarget	1	129655
129.754	n/a	NonTarget	1	129754
129.854	n/a	NonTarget	1	129854
129.955	n/a	NonTarget	1	129955
130.055	n/a	NonTarget	1	130055
130.155	n/a	NonTarget	1	130155
130.255	n/a	NonTarget	1	130255
130.355	n/a	NonTarget	1	130355
130.455	n/a	NonTarget	1	130455
130.555	n/a	NonTarget	1	130555
130.655	n/a	Target	2	130655
130.755	n/a	NonTarget	1	130755
130.855	n/a	NonTarget	1	130855
130.955	n/a	NonTarget	1	130955
131.055	n/a	NonTarget	1	131055
131.156	n/a	NonTarget	1	131156
131.255	n/a	NonTarget	1	131255
131.356	n/a	NonTarget	1	131356
131.456	n/a	NonTarget	1	131456
131.556	n/a	NonTarget	1	131556
131.656	n/a	NonTarget	1	131656
145.764	n/a	NonTarget	1	145764
145.863	n/a	NonTarget	1	145863
145.964	n/a	NonTarget	1	145964
146.064	n/a	NonTarget	1	146064
146.164	n/a	NonTarget	1	146164
146.264	n/a	NonTarget	1	146264
146.364	n/a	NonTarget	1	146364
146.464	n/a	NonTarget	1	146464
146.564	n/a	NonTarget	1	146564
146.664	n/a	NonTarget	1	146664
146.764	n/a	NonTarget	1	146764
146.864	n/a	NonTarget	1	146864
146.964	n/a	NonTarget	1	146964
147.064	n/a	NonTarget	1	147064
147.164	n/a	Target	2	147164
147.264	n/a	NonTarget	1	147264
147.364	n/a	NonTarget	1	147364
147.464	n/a	NonTarget	1	147464
147.564	n/a	NonTarget	1	147564
147.664	n/a	NonTarget	1	147664
147.764	n/a	NonTarget	1	147764
147.865	n/a	NonTarget	1	147865
147.965	n/a	NonTarget	1	147965
148.065	n/a	NonTarget	1	148065
148.165	n/a	NonTarget	1	148165
148.265	n/a	NonTarget	1	148265
148.365	n/a	NonTarget	1	148365
148.465	n/a	NonTarget	1	148465
148.565	n/a	NonTarget	1	148565
148.665	n/a	NonTarget	1	148665
148.765	n/a	NonTarget	1	148765
148.865	n/a	NonTarget	1	148865
148.965	n/a	NonTarget	1	148965
149.065	n/a	NonTarget	1	149065
149.165	n/a	NonTarget	1	149165
149.265	n/a	NonTarget	1	149265
149.365	n/a	NonTarget	1	149365
149.465	n/a	NonTarget	1	149465
149.565	n/a	Target	2	149565
149.666	n/a	NonTarget	1	149666
149.766	n/a	NonTarget	1	149766
149.865	n/a	NonTarget	1	149865
149.966	n/a	NonTarget	1	149966
150.066	n/a	NonTarget	1	150066
150.166	n/a	NonTarget	1	150166
150.266	n/a	NonTarget	1	150266
150.366	n/a	NonTarget	1	150366
150.466	n/a	NonTarget	1	150466
150.566	n/a	Target	2	150566
150.666	n/a	NonTarget	1	150666
150.766	n/a	NonTarget	1	150766
150.866	n/a	NonTarget	1	150866
150.966	n/a	NonTarget	1	150966
151.066	n/a	NonTarget	1	151066
151.166	n/a	NonTarget	1	151166
151.266	n/a	NonTarget	1	151266
151.366	n/a	NonTarget	1	151366
151.467	n/a	NonTarget	1	151467
151.566	n/a	NonTarget	1	151566
151.666	n/a	NonTarget	1	151666
151.767	n/a	NonTarget	1	151767
151.867	n/a	NonTarget	1	151867
151.967	n/a	NonTarget	1	151967
152.067	n/a	NonTarget	1	152067
152.167	n/a	NonTarget	1	152167
152.267	n/a	NonTarget	1	152267
152.367	n/a	NonTarget	1	152367
152.467	n/a	NonTarget	1	152467
152.567	n/a	NonTarget	1	152567
152.667	n/a	NonTarget	1	152667
152.767	n/a	NonTarget	1	152767
152.867	n/a	NonTarget	1	152867
152.967	n/a	NonTarget	1	152967
153.067	n/a	NonTarget	1	153067
153.167	n/a	NonTarget	1	153167
153.267	n/a	NonTarget	1	153267
153.367	n/a	NonTarget	1	153367
153.468	n/a	NonTarget	1	153468
153.567	n/a	NonTarget	1	153567
153.668	n/a	NonTarget	1	153668
153.768	n/a	NonTarget	1	153768
153.868	n/a	NonTarget	1	153868
153.968	n/a	NonTarget	1	153968
154.068	n/a	NonTarget	1	154068
154.168	n/a	NonTarget	1	154168
154.268	n/a	NonTarget	1	154268
154.368	n/a	NonTarget	1	154368
154.468	n/a	NonTarget	1	154468
154.568	n/a	NonTarget	1	154568
154.668	n/a	Target	2	154668
154.768	n/a	NonTarget	1	154768
154.868	n/a	NonTarget	1	154868
154.968	n/a	NonTarget	1	154968
155.068	n/a	NonTarget	1	155068
155.168	n/a	NonTarget	1	155168
155.268	n/a	NonTarget	1	155268
155.369	n/a	NonTarget	1	155369
155.469	n/a	NonTarget	1	155469
155.569	n/a	NonTarget	1	155569
155.669	n/a	NonTarget	1	155669
168.543	n/a	NonTarget	1	168543
168.642	n/a	NonTarget	1	168642
168.743	n/a	NonTarget	1	168743
168.843	n/a	NonTarget	1	168843
168.943	n/a	NonTarget	1	168943
169.043	n/a	NonTarget	1	169043
169.143	n/a	NonTarget	1	169143
169.243	n/a	NonTarget	1	169243
169.343	n/a	NonTarget	1	169343
169.443	n/a	NonTarget	1	169443
169.543	n/a	NonTarget	1	169543
169.643	n/a	NonTarget	1	169643
169.743	n/a	NonTarget	1	169743
169.843	n/a	NonTarget	1	169843
169.943	n/a	NonTarget	1	169943
170.043	n/a	NonTarget	1	170043
170.143	n/a	NonTarget	1	170143
170.243	n/a	NonTarget	1	170243
170.343	n/a	NonTarget	1	170343
170.443	n/a	NonTarget	1	170443
170.543	n/a	Target	2	170543
170.643	n/a	NonTarget	1	170643
170.744	n/a	NonTarget	1	170744
170.844	n/a	NonTarget	1	170844
170.944	n/a	NonTarget	1	170944
171.044	n/a	NonTarget	1	171044
171.144	n/a	NonTarget	1	171144
171.244	n/a	NonTarget	1	171244
171.344	n/a	NonTarget	1	171344
171.444	n/a	NonTarget	1	171444
171.544	n/a	NonTarget	1	171544
171.644	n/a	NonTarget	1	171644
171.744	n/a	NonTarget	1	171744
171.844	n/a	NonTarget	1	171844
171.944	n/a	NonTarget	1	171944
172.044	n/a	NonTarget	1	172044
172.144	n/a	NonTarget	1	172144
172.245	n/a	NonTarget	1	172245
172.344	n/a	NonTarget	1	172344
172.444	n/a	NonTarget	1	172444
172.544	n/a	NonTarget	1	172544
172.645	n/a	NonTarget	1	172645
172.745	n/a	NonTarget	1	172745
172.845	n/a	NonTarget	1	172845
172.945	n/a	NonTarget	1	172945
173.045	n/a	NonTarget	1	173045
173.145	n/a	NonTarget	1	173145
173.245	n/a	NonTarget	1	173245
173.345	n/a	NonTarget	1	173345
173.445	n/a	NonTarget	1	173445
173.545	n/a	NonTarget	1	173545
173.645	n/a	NonTarget	1	173645
173.745	n/a	NonTarget	1	173745
173.845	n/a	NonTarget	1	173845
173.945	n/a	NonTarget	1	173945
174.045	n/a	NonTarget	1	174045
174.145	n/a	NonTarget	1	174145
174.246	n/a	NonTarget	1	174246
174.345	n/a	NonTarget	1	174345
174.446	n/a	NonTarget	1	174446
174.546	n/a	NonTarget	1	174546
174.646	n/a	NonTarget	1	174646
174.746	n/a	NonTarget	1	174746
174.846	n/a	NonTarget	1	174846
174.946	n/a	NonTarget	1	174946
175.046	n/a	Target	2	175046
175.146	n/a	NonTarget	1	175146
175.246	n/a	NonTarget	1	175246
175.347	n/a	NonTarget	1	175347
175.446	n/a	NonTarget	1	175446
175.546	n/a	NonTarget	1	175546
175.646	n/a	NonTarget	1	175646
175.746	n/a	NonTarget	1	175746
175.847	n/a	NonTarget	1	175847
175.947	n/a	NonTarget	1	175947
176.047	n/a	NonTarget	1	176047
176.147	n/a	NonTarget	1	176147
176.247	n/a	NonTarget	1	176247
176.347	n/a	Target	2	176347
176.447	n/a	NonTarget	1	176447
176.547	n/a	NonTarget	1	176547
176.647	n/a	NonTarget	1	176647
176.747	n/a	NonTarget	1	176747
176.847	n/a	NonTarget	1	176847
176.947	n/a	NonTarget	1	176947
177.047	n/a	Target	2	177047
177.147	n/a	NonTarget	1	177147
177.247	n/a	NonTarget	1	177247
177.347	n/a	NonTarget	1	177347
177.447	n/a	NonTarget	1	177447
177.547	n/a	NonTarget	1	177547
177.647	n/a	NonTarget	1	177647
177.748	n/a	NonTarget	1	177748
177.848	n/a	NonTarget	1	177848
177.948	n/a	NonTarget	1	177948
178.048	n/a	NonTarget	1	178048
178.148	n/a	NonTarget	1	178148
178.248	n/a	NonTarget	1	178248
178.348	n/a	NonTarget	1	178348
178.448	n/a	NonTarget	1	178448
192.723	n/a	NonTarget	1	192723
192.823	n/a	NonTarget	1	192823
192.922	n/a	NonTarget	1	192922
193.022	n/a	NonTarget	1	193022
193.122	n/a	NonTarget	1	193122
193.222	n/a	NonTarget	1	193222
193.323	n/a	NonTarget	1	193323
193.423	n/a	NonTarget	1	193423
193.523	n/a	NonTarget	1	193523
193.623	n/a	NonTarget	1	193623
193.723	n/a	NonTarget	1	193723
193.823	n/a	NonTarget	1	193823
193.923	n/a	NonTarget	1	193923
194.023	n/a	NonTarget	1	194023
194.123	n/a	NonTarget	1	194123
194.223	n/a	NonTarget	1	194223
194.323	n/a	NonTarget	1	194323
194.423	n/a	NonTarget	1	194423
194.523	n/a	NonTarget	1	194523
194.624	n/a	NonTarget	1	194624
194.724	n/a	NonTarget	1	194724
194.824	n/a	NonTarget	1	194824
194.924	n/a	NonTarget	1	194924
195.024	n/a	NonTarget	1	195024
195.124	n/a	NonTarget	1	195124
195.224	n/a	Target	2	195224
195.324	n/a	NonTarget	1	195324
195.424	n/a	NonTarget	1	195424
195.524	n/a	NonTarget	1	195524
195.624	n/a	NonTarget	1	195624
195.724	n/a	NonTarget	1	195724
195.824	n/a	NonTarget	1	195824
195.924	n/a	NonTarget	1	195924
196.024	n/a	NonTarget	1	196024
196.124	n/a	NonTarget	1	196124
196.224	n/a	NonTarget	1	196224
196.324	n/a	NonTarget	1	196324
196.425	n/a	NonTarget	1	196425
196.525	n/a	NonTarget	1	196525
196.625	n/a	NonTarget	1	196625
196.725	n/a	Target	2	196725
196.825	n/a	NonTarget	1	196825
196.925	n/a	NonTarget	1	196925
197.025	n/a	NonTarget	1	197025
197.125	n/a	NonTarget	1	197125
197.225	n/a	NonTarget	1	197225
197.325	n/a	NonTarget	1	197325
197.425	n/a	NonTarget	1	197425
197.525	n/a	NonTarget	1	197525
197.625	n/a	NonTarget	1	197625
197.725	n/a	NonTarget	1	197725
197.825	n/a	NonTarget	1	197825
197.925	n/a	NonTarget	1	197925
198.025	n/a	NonTarget	1	198025
198.125	n/a	Target	2	198125
198.226	n/a	NonTarget	1	198226
198.325	n/a	NonTarget	1	198325
198.426	n/a	NonTarget	1	198426
198.525	n/a	NonTarget	1	198525
198.626	n/a	NonTarget	1	198626
198.726	n/a	NonTarget	1	198726
198.826	n/a	Target	2	198826
198.926	n/a	NonTarget	1	198926
199.026	n/a	NonTarget	1	199026
199.126	n/a	NonTarget	1	199126
199.226	n/a	NonTarget	1	199226
199.326	n/a	NonTarget	1	199326
199.426	n/a	NonTarget	1	199426
199.526	n/a	NonTarget	1	199526
199.626	n/a	NonTarget	1	199626
199.726	n/a	NonTarget	1	199726
199.826	n/a	NonTarget	1	199826
199.926	n/a	NonTarget	1	199926
200.026	n/a	NonTarget	1	200026
200.127	n/a	NonTarget	1	200127
200.226	n/a	NonTarget	1	200226
200.326	n/a	NonTarget	1	200326
200.426	n/a	NonTarget	1	200426
200.526	n/a	NonTarget	1	200526
200.627	n/a	NonTarget	1	200627
200.727	n/a	NonTarget	1	200727
200.827	n/a	NonTarget	1	200827
200.927	n/a	NonTarget	1	200927
201.027	n/a	NonTarget	1	201027
201.127	n/a	NonTarget	1	201127
201.227	n/a	NonTarget	1	201227
201.327	n/a	NonTarget	1	201327
201.427	n/a	NonTarget	1	201427
201.527	n/a	NonTarget	1	201527
201.627	n/a	NonTarget	1	201627
201.727	n/a	NonTarget	1	201727
201.827	n/a	NonTarget	1	201827
201.927	n/a	NonTarget	1	201927
202.027	n/a	NonTarget	1	202027
202.127	n/a	NonTarget	1	202127
202.228	n/a	NonTarget	1	202228
202.328	n/a	NonTarget	1	202328
202.428	n/a	NonTarget	1	202428
202.528	n/a	NonTarget	1	202528
202.628	n/a	NonTarget	1	202628
216.602	n/a	NonTarget	1	216602
216.702	n/a	NonTarget	1	216702
216.802	n/a	NonTarget	1	216802
216.902	n/a	NonTarget	1	216902
217.002	n/a	NonTarget	1	217002
217.102	n/a	NonTarget	1	217102
217.202	n/a	NonTarget	1	217202
217.302	n/a	NonTarget	1	217302
217.402	n/a	NonTarget	1	217402
217.502	n/a	NonTarget	1	217502
217.602	n/a	NonTarget	1	217602
217.702	n/a	NonTarget	1	217702
217.803	n/a	NonTarget	1	217803
217.903	n/a	NonTarget	1	217903
218.003	n/a	Target	2	218003
218.103	n/a	NonTarget	1	218103
218.203	n/a	NonTarget	1	218203
218.303	n/a	NonTarget	1	218303
218.403	n/a	NonTarget	1	218403
218.503	n/a	NonTarget	1	218503
218.603	n/a	NonTarget	1	218603
218.703	n/a	NonTarget	1	218703
218.803	n/a	NonTarget	1	218803
218.903	n/a	NonTarget	1	218903
219.003	n/a	NonTarget	1	219003
219.103	n/a	NonTarget	1	219103
219.204	n/a	NonTarget	1	219204
219.304	n/a	NonTarget	1	219304
219.404	n/a	NonTarget	1	219404
219.503	n/a	NonTarget	1	219503
219.604	n/a	NonTarget	1	219604
219.704	n/a	NonTarget	1	219704
219.804	n/a	NonTarget	1	219804
219.904	n/a	NonTarget	1	219904
220.004	n/a	NonTarget	1	220004
220.104	n/a	NonTarget	1	220104
220.204	n/a	NonTarget	1	220204
220.304	n/a	NonTarget	1	220304
220.404	n/a	NonTarget	1	220404
220.504	n/a	NonTarget	1	220504
220.604	n/a	NonTarget	1	220604
220.704	n/a	NonTarget	1	220704
220.804	n/a	NonTarget	1	220804
220.904	n/a	Target	2	220904
221.004	n/a	NonTarget	1	221004
221.105	n/a	NonTarget	1	221105
221.205	n/a	NonTarget	1	221205
221.305	n/a	NonTarget	1	221305
221.405	n/a	NonTarget	1	221405
221.505	n/a	NonTarget	1	221505
221.605	n/a	NonTarget	1	221605
221.705	n/a	NonTarget	1	221705
221.805	n/a	NonTarget	1	221805
221.905	n/a	NonTarget	1	221905
222.005	n/a	NonTarget	1	222005
222.105	n/a	NonTarget	1	222105
222.205	n/a	NonTarget	1	222205
222.305	n/a	NonTarget	1	222305
222.405	n/a	NonTarget	1	222405
222.505	n/a	NonTarget	1	222505
222.605	n/a	NonTarget	1	222605
222.705	n/a	NonTarget	1	222705
222.805	n/a	NonTarget	1	222805
222.905	n/a	Target	2	222905
223.006	n/a	NonTarget	1	223006
223.106	n/a	NonTarget	1	223106
223.206	n/a	NonTarget	1	223206
223.306	n/a	NonTarget	1	223306
223.406	n/a	NonTarget	1	223406
223.506	n/a	NonTarget	1	223506
223.606	n/a	NonTarget	1	223606
223.706	n/a	NonTarget	1	223706
223.806	n/a	NonTarget	1	223806
223.906	n/a	NonTarget	1	223906
224.006	n/a	NonTarget	1	224006
224.106	n/a	NonTarget	1	224106
224.206	n/a	NonTarget	1	224206
224.306	n/a	NonTarget	1	224306
224.406	n/a	NonTarget	1	224406
224.506	n/a	NonTarget	1	224506
224.606	n/a	NonTarget	1	224606
224.706	n/a	NonTarget	1	224706
224.806	n/a	NonTarget	1	224806
224.907	n/a	NonTarget	1	224907
225.007	n/a	Target	2	225007
225.107	n/a	NonTarget	1	225107
225.207	n/a	NonTarget	1	225207
225.307	n/a	NonTarget	1	225307
225.407	n/a	NonTarget	1	225407
225.507	n/a	NonTarget	1	225507
225.607	n/a	NonTarget	1	225607
225.707	n/a	NonTarget	1	225707
225.807	n/a	NonTarget	1	225807
225.907	n/a	NonTarget	1	225907
226.007	n/a	NonTarget	1	226007
226.107	n/a	NonTarget	1	226107
226.207	n/a	NonTarget	1	226207
226.307	n/a	NonTarget	1	226307
226.407	n/a	NonTarget	1	226407
226.508	n/a	NonTarget	1	226508
243.033	n/a	NonTarget	1	243033
243.133	n/a	NonTarget	1	243133
243.235	n/a	NonTarget	1	243235
243.333	n/a	NonTarget	1	243333
243.433	n/a	NonTarget	1	243433
243.533	n/a	NonTarget	1	243533
243.634	n/a	NonTarget	1	243634
243.733	n/a	NonTarget	1	243733
243.833	n/a	NonTarget	1	243833
243.934	n/a	NonTarget	1	243934
244.034	n/a	Target	2	244034
244.134	n/a	NonTarget	1	244134
244.234	n/a	NonTarget	1	244234
244.334	n/a	NonTarget	1	244334
244.434	n/a	NonTarget	1	244434
244.534	n/a	NonTarget	1	244534
244.634	n/a	NonTarget	1	244634
244.734	n/a	NonTarget	1	244734
244.834	n/a	NonTarget	1	244834
244.934	n/a	NonTarget	1	244934
245.034	n/a	NonTarget	1	245034
245.134	n/a	NonTarget	1	245134
245.234	n/a	NonTarget	1	245234
245.334	n/a	Target	2	245334
245.434	n/a	NonTarget	1	245434
245.534	n/a	NonTarget	1	245534
245.634	n/a	NonTarget	1	245634
245.734	n/a	NonTarget	1	245734
245.835	n/a	NonTarget	1	245835
245.935	n/a	NonTarget	1	245935
246.035	n/a	NonTarget	1	246035
246.135	n/a	NonTarget	1	246135
246.235	n/a	NonTarget	1	246235
246.335	n/a	NonTarget	1	246335
246.435	n/a	NonTarget	1	246435
246.535	n/a	NonTarget	1	246535
246.635	n/a	Target	2	246635
246.735	n/a	NonTarget	1	246735
246.835	n/a	NonTarget	1	246835
246.935	n/a	NonTarget	1	246935
247.035	n/a	NonTarget	1	247035
247.135	n/a	NonTarget	1	247135
247.235	n/a	NonTarget	1	247235
247.335	n/a	NonTarget	1	247335
247.435	n/a	NonTarget	1	247435
247.535	n/a	NonTarget	1	247535
247.635	n/a	NonTarget	1	247635
247.736	n/a	NonTarget	1	247736
247.836	n/a	NonTarget	1	247836
247.936	n/a	NonTarget	1	247936
248.036	n/a	NonTarget	1	248036
248.136	n/a	NonTarget	1	248136
248.236	n/a	NonTarget	1	248236
248.336	n/a	NonTarget	1	248336
248.436	n/a	NonTarget	1	248436
248.536	n/a	NonTarget	1	248536
248.636	n/a	Target	2	248636
248.736	n/a	NonTarget	1	248736
248.836	n/a	NonTarget	1	248836
248.936	n/a	NonTarget	1	248936
249.036	n/a	NonTarget	1	249036
249.136	n/a	NonTarget	1	249136
249.237	n/a	NonTarget	1	249237
249.337	n/a	NonTarget	1	249337
249.437	n/a	NonTarget	1	249437
249.537	n/a	NonTarget	1	249537
249.637	n/a	NonTarget	1	249637
249.737	n/a	NonTarget	1	249737
249.837	n/a	NonTarget	1	249837
249.937	n/a	NonTarget	1	249937
250.037	n/a	NonTarget	1	250037
250.137	n/a	NonTarget	1	250137
250.237	n/a	NonTarget	1	250237
250.337	n/a	NonTarget	1	250337
250.437	n/a	NonTarget	1	250437
250.537	n/a	NonTarget	1	250537
250.638	n/a	NonTarget	1	250638
250.737	n/a	NonTarget	1	250737
250.837	n/a	NonTarget	1	250837
250.938	n/a	NonTarget	1	250938
251.038	n/a	NonTarget	1	251038
251.138	n/a	NonTarget	1	251138
251.238	n/a	NonTarget	1	251238
251.338	n/a	NonTarget	1	251338
251.438	n/a	NonTarget	1	251438
251.538	n/a	NonTarget	1	251538
251.638	n/a	NonTarget	1	251638
251.738	n/a	NonTarget	1	251738
251.838	n/a	NonTarget	1	251838
251.938	n/a	NonTarget	1	251938
252.038	n/a	NonTarget	1	252038
252.138	n/a	NonTarget	1	252138
252.238	n/a	NonTarget	1	252238
252.338	n/a	NonTarget	1	252338
252.438	n/a	NonTarget	1	252438
252.538	n/a	NonTarget	1	252538
252.638	n/a	NonTarget	1	252638
252.738	n/a	NonTarget	1	252738
252.838	n/a	NonTarget	1	252838
252.938	n/a	NonTarget	1	252938
266.029	n/a	NonTarget	1	266029
266.129	n/a	NonTarget	1	266129
266.229	n/a	NonTarget	1	266229
266.329	n/a	NonTarget	1	266329
266.429	n/a	NonTarget	1	266429
266.529	n/a	NonTarget	1	266529
266.629	n/a	NonTarget	1	266629
266.729	n/a	NonTarget	1	266729
266.829	n/a	NonTarget	1	266829
266.929	n/a	NonTarget	1	266929
267.03	n/a	NonTarget	1	267030
267.13	n/a	NonTarget	1	267130
267.23	n/a	NonTarget	1	267230
267.33	n/a	NonTarget	1	267330
267.43	n/a	NonTarget	1	267430
267.53	n/a	Target	2	267530
267.63	n/a	NonTarget	1	267630
267.73	n/a	NonTarget	1	267730
267.83	n/a	NonTarget	1	267830
267.93	n/a	NonTarget	1	267930
268.03	n/a	NonTarget	1	268030
268.13	n/a	NonTarget	1	268130
268.23	n/a	NonTarget	1	268230
268.33	n/a	NonTarget	1	268330
268.432	n/a	NonTarget	1	268432
268.53	n/a	NonTarget	1	268530
268.63	n/a	NonTarget	1	268630
268.731	n/a	NonTarget	1	268731
268.83	n/a	NonTarget	1	268830
268.93	n/a	NonTarget	1	268930
269.031	n/a	NonTarget	1	269031
269.131	n/a	NonTarget	1	269131
269.231	n/a	Target	2	269231
269.331	n/a	NonTarget	1	269331
269.431	n/a	NonTarget	1	269431
269.531	n/a	NonTarget	1	269531
269.631	n/a	NonTarget	1	269631
269.731	n/a	NonTarget	1	269731
269.831	n/a	NonTarget	1	269831
269.931	n/a	Target	2	269931
270.031	n/a	NonTarget	1	270031
270.131	n/a	NonTarget	1	270131
270.231	n/a	NonTarget	1	270231
270.331	n/a	NonTarget	1	270331
270.431	n/a	NonTarget	1	270431
270.531	n/a	NonTarget	1	270531
270.631	n/a	NonTarget	1	270631
270.732	n/a	NonTarget	1	270732
270.831	n/a	NonTarget	1	270831
270.932	n/a	NonTarget	1	270932
271.032	n/a	NonTarget	1	271032
271.132	n/a	NonTarget	1	271132
271.232	n/a	NonTarget	1	271232
271.332	n/a	NonTarget	1	271332
271.432	n/a	NonTarget	1	271432
271.532	n/a	NonTarget	1	271532
271.632	n/a	NonTarget	1	271632
271.732	n/a	NonTarget	1	271732
271.832	n/a	NonTarget	1	271832
271.932	n/a	NonTarget	1	271932
272.032	n/a	NonTarget	1	272032
272.132	n/a	NonTarget	1	272132
272.232	n/a	NonTarget	1	272232
272.332	n/a	NonTarget	1	272332
272.432	n/a	NonTarget	1	272432
272.533	n/a	NonTarget	1	272533
272.633	n/a	NonTarget	1	272633
272.733	n/a	NonTarget	1	272733
272.833	n/a	NonTarget	1	272833
272.933	n/a	Target	2	272933
273.033	n/a	NonTarget	1	273033
273.133	n/a	NonTarget	1	273133
273.233	n/a	NonTarget	1	273233
273.333	n/a	NonTarget	1	273333
273.433	n/a	NonTarget	1	273433
273.533	n/a	NonTarget	1	273533
273.633	n/a	NonTarget	1	273633
273.733	n/a	NonTarget	1	273733
273.833	n/a	NonTarget	1	273833
273.933	n/a	NonTarget	1	273933
274.033	n/a	NonTarget	1	274033
274.133	n/a	NonTarget	1	274133
274.233	n/a	NonTarget	1	274233
274.334	n/a	NonTarget	1	274334
274.433	n/a	NonTarget	1	274433
274.534	n/a	NonTarget	1	274534
274.634	n/a	NonTarget	1	274634
274.734	n/a	NonTarget	1	274734
274.834	n/a	NonTarget	1	274834
274.934	n/a	NonTarget	1	274934
275.034	n/a	NonTarget	1	275034
275.134	n/a	NonTarget	1	275134
275.234	n/a	NonTarget	1	275234
275.334	n/a	NonTarget	1	275334
275.434	n/a	NonTarget	1	275434
275.534	n/a	NonTarget	1	275534
275.634	n/a	NonTarget	1	275634
275.734	n/a	NonTarget	1	275734
275.834	n/a	NonTarget	1	275834
275.934	n/a	NonTarget	1	275934
287.724	n/a	NonTarget	1	287724
287.824	n/a	NonTarget	1	287824
287.924	n/a	NonTarget	1	287924
288.024	n/a	NonTarget	1	288024
288.124	n/a	NonTarget	1	288124
288.224	n/a	NonTarget	1	288224
288.324	n/a	NonTarget	1	288324
288.424	n/a	NonTarget	1	288424
288.524	n/a	NonTarget	1	288524
288.625	n/a	NonTarget	1	288625
288.725	n/a	NonTarget	1	288725
288.825	n/a	Target	2	288825
288.925	n/a	NonTarget	1	288925
289.025	n/a	NonTarget	1	289025
289.125	n/a	NonTarget	1	289125
289.225	n/a	NonTarget	1	289225
289.325	n/a	NonTarget	1	289325
289.425	n/a	NonTarget	1	289425
289.525	n/a	NonTarget	1	289525
289.625	n/a	NonTarget	1	289625
289.725	n/a	NonTarget	1	289725
289.825	n/a	NonTarget	1	289825
289.925	n/a	NonTarget	1	289925
290.025	n/a	NonTarget	1	290025
290.125	n/a	NonTarget	1	290125
290.225	n/a	NonTarget	1	290225
290.325	n/a	NonTarget	1	290325
290.426	n/a	NonTarget	1	290426
290.526	n/a	NonTarget	1	290526
290.626	n/a	NonTarget	1	290626
290.726	n/a	NonTarget	1	290726
290.826	n/a	NonTarget	1	290826
290.926	n/a	NonTarget	1	290926
291.026	n/a	NonTarget	1	291026
291.126	n/a	NonTarget	1	291126
291.226	n/a	NonTarget	1	291226
291.326	n/a	NonTarget	1	291326
291.426	n/a	NonTarget	1	291426
291.526	n/a	NonTarget	1	291526
291.626	n/a	NonTarget	1	291626
291.726	n/a	NonTarget	1	291726
291.826	n/a	NonTarget	1	291826
291.927	n/a	NonTarget	1	291927
292.027	n/a	NonTarget	1	292027
292.126	n/a	NonTarget	1	292126
292.227	n/a	Target	2	292227
292.327	n/a	NonTarget	1	292327
292.427	n/a	NonTarget	1	292427
292.527	n/a	NonTarget	1	292527
292.627	n/a	NonTarget	1	292627
292.727	n/a	NonTarget	1	292727
292.827	n/a	NonTarget	1	292827
292.927	n/a	NonTarget	1	292927
293.027	n/a	NonTarget	1	293027
293.127	n/a	NonTarget	1	293127
293.227	n/a	Target	2	293227
293.327	n/a	NonTarget	1	293327
293.427	n/a	NonTarget	1	293427
293.527	n/a	NonTarget	1	293527
293.628	n/a	NonTarget	1	293628
293.727	n/a	NonTarget	1	293727
293.827	n/a	NonTarget	1	293827
293.927	n/a	NonTarget	1	293927
294.027	n/a	NonTarget	1	294027
294.128	n/a	NonTarget	1	294128
294.228	n/a	NonTarget	1	294228
294.328	n/a	NonTarget	1	294328
294.428	n/a	NonTarget	1	294428
294.528	n/a	NonTarget	1	294528
294.628	n/a	NonTarget	1	294628
294.728	n/a	NonTarget	1	294728
294.828	n/a	NonTarget	1	294828
294.928	n/a	Target	2	294928
295.028	n/a	NonTarget	1	295028
295.128	n/a	NonTarget	1	295128
295.228	n/a	NonTarget	1	295228
295.328	n/a	NonTarget	1	295328
295.428	n/a	NonTarget	1	295428
295.528	n/a	NonTarget	1	295528
295.628	n/a	NonTarget	1	295628
295.728	n/a	NonTarget	1	295728
295.828	n/a	NonTarget	1	295828
295.928	n/a	NonTarget	1	295928
296.029	n/a	NonTarget	1	296029
296.129	n/a	NonTarget	1	296129
296.229	n/a	NonTarget	1	296229
296.329	n/a	NonTarget	1	296329
296.429	n/a	NonTarget	1	296429
296.529	n/a	NonTarget	1	296529
296.629	n/a	NonTarget	1	296629
296.729	n/a	NonTarget	1	296729
296.829	n/a	NonTarget	1	296829
296.929	n/a	NonTarget	1	296929
297.029	n/a	NonTarget	1	297029
297.129	n/a	NonTarget	1	297129
297.229	n/a	NonTarget	1	297229
297.329	n/a	NonTarget	1	297329
297.429	n/a	NonTarget	1	297429
297.529	n/a	NonTarget	1	297529
297.63	n/a	NonTarget	1	297630
313.622	n/a	NonTarget	1	313622
313.722	n/a	NonTarget	1	313722
313.822	n/a	NonTarget	1	313822
313.922	n/a	NonTarget	1	313922
314.022	n/a	NonTarget	1	314022
314.122	n/a	NonTarget	1	314122
314.222	n/a	NonTarget	1	314222
314.322	n/a	NonTarget	1	314322
314.422	n/a	NonTarget	1	314422
314.522	n/a	NonTarget	1	314522
314.622	n/a	NonTarget	1	314622
314.723	n/a	NonTarget	1	314723
314.822	n/a	NonTarget	1	314822
314.922	n/a	NonTarget	1	314922
315.022	n/a	NonTarget	1	315022
315.122	n/a	NonTarget	1	315122
315.223	n/a	NonTarget	1	315223
315.323	n/a	NonTarget	1	315323
315.423	n/a	NonTarget	1	315423
315.523	n/a	Target	2	315523
315.623	n/a	NonTarget	1	315623
315.723	n/a	NonTarget	1	315723
315.823	n/a	NonTarget	1	315823
315.923	n/a	NonTarget	1	315923
316.023	n/a	NonTarget	1	316023
316.123	n/a	NonTarget	1	316123
316.223	n/a	NonTarget	1	316223
316.323	n/a	NonTarget	1	316323
316.423	n/a	NonTarget	1	316423
316.523	n/a	NonTarget	1	316523
316.623	n/a	NonTarget	1	316623
316.723	n/a	NonTarget	1	316723
316.823	n/a	NonTarget	1	316823
316.923	n/a	NonTarget	1	316923
317.023	n/a	NonTarget	1	317023
317.124	n/a	NonTarget	1	317124
317.224	n/a	NonTarget	1	317224
317.324	n/a	NonTarget	1	317324
317.424	n/a	NonTarget	1	317424
317.524	n/a	NonTarget	1	317524
317.624	n/a	NonTarget	1	317624
317.724	n/a	NonTarget	1	317724
317.824	n/a	NonTarget	1	317824
317.924	n/a	NonTarget	1	317924
318.024	n/a	NonTarget	1	318024
318.124	n/a	NonTarget	1	318124
318.224	n/a	NonTarget	1	318224
318.324	n/a	NonTarget	1	318324
318.424	n/a	NonTarget	1	318424
318.524	n/a	NonTarget	1	318524
318.624	n/a	NonTarget	1	318624
318.724	n/a	NonTarget	1	318724
318.825	n/a	NonTarget	1	318825
318.924	n/a	NonTarget	1	318924
319.025	n/a	NonTarget	1	319025
319.124	n/a	NonTarget	1	319124
319.225	n/a	NonTarget	1	319225
319.325	n/a	Target	2	319325
319.425	n/a	NonTarget	1	319425
319.525	n/a	NonTarget	1	319525
319.625	n/a	NonTarget	1	319625
319.725	n/a	NonTarget	1	319725
319.825	n/a	NonTarget	1	319825
319.925	n/a	NonTarget	1	319925
320.025	n/a	NonTarget	1	320025
320.125	n/a	NonTarget	1	320125
320.225	n/a	NonTarget	1	320225
320.325	n/a	Target	2	320325
320.425	n/a	NonTarget	1	320425
320.525	n/a	NonTarget	1	320525
320.625	n/a	NonTarget	1	320625
320.725	n/a	NonTarget	1	320725
320.825	n/a	NonTarget	1	320825
320.925	n/a	NonTarget	1	320925
321.026	n/a	NonTarget	1	321026
321.126	n/a	NonTarget	1	321126
321.226	n/a	NonTarget	1	321226
321.326	n/a	NonTarget	1	321326
321.426	n/a	NonTarget	1	321426
321.526	n/a	NonTarget	1	321526
321.626	n/a	NonTarget	1	321626
321.726	n/a	NonTarget	1	321726
321.826	n/a	NonTarget	1	321826
321.926	n/a	NonTarget	1	321926
322.026	n/a	NonTarget	1	322026
322.126	n/a	NonTarget	1	322126
322.226	n/a	NonTarget	1	322226
322.326	n/a	NonTarget	1	322326
322.426	n/a	Target	2	322426
322.526	n/a	NonTarget	1	322526
322.626	n/a	NonTarget	1	322626
322.727	n/a	NonTarget	1	322727
322.827	n/a	NonTarget	1	322827
322.927	n/a	NonTarget	1	322927
323.027	n/a	NonTarget	1	323027
323.127	n/a	NonTarget	1	323127
323.227	n/a	NonTarget	1	323227
323.327	n/a	NonTarget	1	323327
323.427	n/a	NonTarget	1	323427
323.527	n/a	NonTarget	1	323527
337.952	n/a	NonTarget	1	337952
338.052	n/a	NonTarget	1	338052
338.152	n/a	NonTarget	1	338152
338.252	n/a	NonTarget	1	338252
338.352	n/a	NonTarget	1	338352
338.452	n/a	NonTarget	1	338452
338.552	n/a	NonTarget	1	338552
338.652	n/a	NonTarget	1	338652
338.752	n/a	NonTarget	1	338752
338.852	n/a	NonTarget	1	338852
338.952	n/a	NonTarget	1	338952
339.052	n/a	NonTarget	1	339052
339.152	n/a	NonTarget	1	339152
339.252	n/a	NonTarget	1	339252
339.352	n/a	NonTarget	1	339352
339.453	n/a	NonTarget	1	339453
339.552	n/a	NonTarget	1	339552
339.653	n/a	NonTarget	1	339653
339.753	n/a	NonTarget	1	339753
339.853	n/a	NonTarget	1	339853
339.953	n/a	NonTarget	1	339953
340.053	n/a	NonTarget	1	340053
340.153	n/a	NonTarget	1	340153
340.253	n/a	NonTarget	1	340253
340.353	n/a	NonTarget	1	340353
340.453	n/a	NonTarget	1	340453
340.553	n/a	NonTarget	1	340553
340.653	n/a	NonTarget	1	340653
340.753	n/a	NonTarget	1	340753
340.853	n/a	NonTarget	1	340853
340.953	n/a	NonTarget	1	340953
341.053	n/a	NonTarget	1	341053
341.153	n/a	NonTarget	1	341153
341.253	n/a	NonTarget	1	341253
341.353	n/a	NonTarget	1	341353
341.453	n/a	NonTarget	1	341453
341.554	n/a	Target	2	341554
341.654	n/a	NonTarget	1	341654
341.754	n/a	NonTarget	1	341754
341.854	n/a	NonTarget	1	341854
341.954	n/a	NonTarget	1	341954
342.054	n/a	NonTarget	1	342054
342.154	n/a	NonTarget	1	342154
342.254	n/a	NonTarget	1	342254
342.354	n/a	NonTarget	1	342354
342.454	n/a	NonTarget	1	342454
342.554	n/a	NonTarget	1	342554
342.654	n/a	NonTarget	1	342654
342.754	n/a	NonTarget	1	342754
342.854	n/a	NonTarget	1	342854
342.954	n/a	NonTarget	1	342954
343.054	n/a	Target	2	343054
343.154	n/a	NonTarget	1	343154
343.254	n/a	NonTarget	1	343254
343.354	n/a	NonTarget	1	343354
343.455	n/a	NonTarget	1	343455
343.555	n/a	NonTarget	1	343555
343.655	n/a	NonTarget	1	343655
343.755	n/a	NonTarget	1	343755
343.855	n/a	NonTarget	1	343855
343.955	n/a	NonTarget	1	343955
344.055	n/a	Target	2	344055
344.155	n/a	NonTarget	1	344155
344.255	n/a	NonTarget	1	344255
344.355	n/a	NonTarget	1	344355
344.455	n/a	NonTarget	1	344455
344.555	n/a	NonTarget	1	344555
344.655	n/a	NonTarget	1	344655
344.755	n/a	NonTarget	1	344755
344.855	n/a	NonTarget	1	344855
344.955	n/a	Target	2	344955
345.055	n/a	NonTarget	1	345055
345.155	n/a	NonTarget	1	345155
345.256	n/a	NonTarget	1	345256
345.355	n/a	NonTarget	1	345355
345.456	n/a	NonTarget	1	345456
345.556	n/a	NonTarget	1	345556
345.656	n/a	NonTarget	1	345656
345.756	n/a	NonTarget	1	345756
345.856	n/a	NonTarget	1	345856
345.956	n/a	NonTarget	1	345956
346.056	n/a	NonTarget	1	346056
346.156	n/a	NonTarget	1	346156
346.256	n/a	NonTarget	1	346256
346.356	n/a	NonTarget	1	346356
346.456	n/a	NonTarget	1	346456
346.556	n/a	NonTarget	1	346556
346.656	n/a	NonTarget	1	346656
346.756	n/a	NonTarget	1	346756
346.856	n/a	NonTarget	1	346856
346.956	n/a	NonTarget	1	346956
347.056	n/a	NonTarget	1	347056
347.157	n/a	NonTarget	1	347157
347.257	n/a	NonTarget	1	347257
347.357	n/a	NonTarget	1	347357
347.457	n/a	NonTarget	1	347457
347.557	n/a	NonTarget	1	347557
347.657	n/a	NonTarget	1	347657
347.757	n/a	NonTarget	1	347757
347.857	n/a	NonTarget	1	347857
362.332	n/a	NonTarget	1	362332
362.432	n/a	NonTarget	1	362432
362.532	n/a	NonTarget	1	362532
362.632	n/a	NonTarget	1	362632
362.732	n/a	NonTarget	1	362732
362.832	n/a	NonTarget	1	362832
362.932	n/a	NonTarget	1	362932
363.032	n/a	NonTarget	1	363032
363.132	n/a	NonTarget	1	363132
363.232	n/a	NonTarget	1	363232
363.332	n/a	NonTarget	1	363332
363.432	n/a	NonTarget	1	363432
363.532	n/a	NonTarget	1	363532
363.632	n/a	NonTarget	1	363632
363.732	n/a	NonTarget	1	363732
363.832	n/a	NonTarget	1	363832
363.932	n/a	NonTarget	1	363932
364.032	n/a	NonTarget	1	364032
364.132	n/a	NonTarget	1	364132
364.232	n/a	NonTarget	1	364232
364.333	n/a	NonTarget	1	364333
364.433	n/a	NonTarget	1	364433
364.533	n/a	NonTarget	1	364533
364.633	n/a	NonTarget	1	364633
364.733	n/a	NonTarget	1	364733
364.833	n/a	NonTarget	1	364833
364.933	n/a	Target	2	364933
365.033	n/a	NonTarget	1	365033
365.133	n/a	NonTarget	1	365133
365.233	n/a	NonTarget	1	365233
365.333	n/a	NonTarget	1	365333
365.433	n/a	NonTarget	1	365433
365.533	n/a	NonTarget	1	365533
365.633	n/a	NonTarget	1	365633
365.733	n/a	NonTarget	1	365733
365.833	n/a	NonTarget	1	365833
365.933	n/a	NonTarget	1	365933
366.033	n/a	NonTarget	1	366033
366.133	n/a	NonTarget	1	366133
366.234	n/a	NonTarget	1	366234
366.334	n/a	Target	2	366334
366.434	n/a	NonTarget	1	366434
366.534	n/a	NonTarget	1	366534
366.634	n/a	NonTarget	1	366634
366.734	n/a	NonTarget	1	366734
366.834	n/a	NonTarget	1	366834
366.934	n/a	NonTarget	1	366934
367.034	n/a	NonTarget	1	367034
367.134	n/a	NonTarget	1	367134
367.234	n/a	NonTarget	1	367234
367.334	n/a	NonTarget	1	367334
367.434	n/a	NonTarget	1	367434
367.534	n/a	NonTarget	1	367534
367.634	n/a	NonTarget	1	367634
367.734	n/a	NonTarget	1	367734
367.834	n/a	NonTarget	1	367834
367.935	n/a	NonTarget	1	367935
368.034	n/a	NonTarget	1	368034
368.135	n/a	NonTarget	1	368135
368.235	n/a	NonTarget	1	368235
368.335	n/a	NonTarget	1	368335
368.435	n/a	NonTarget	1	368435
368.535	n/a	NonTarget	1	368535
368.635	n/a	NonTarget	1	368635
368.735	n/a	NonTarget	1	368735
368.835	n/a	NonTarget	1	368835
368.935	n/a	NonTarget	1	368935
369.035	n/a	NonTarget	1	369035
369.135	n/a	NonTarget	1	369135
369.235	n/a	NonTarget	1	369235
369.335	n/a	Target	2	369335
369.435	n/a	NonTarget	1	369435
369.535	n/a	NonTarget	1	369535
369.635	n/a	NonTarget	1	369635
369.735	n/a	NonTarget	1	369735
369.836	n/a	NonTarget	1	369836
369.936	n/a	NonTarget	1	369936
370.036	n/a	NonTarget	1	370036
370.136	n/a	NonTarget	1	370136
370.236	n/a	NonTarget	1	370236
370.336	n/a	NonTarget	1	370336
370.436	n/a	NonTarget	1	370436
370.536	n/a	NonTarget	1	370536
370.636	n/a	NonTarget	1	370636
370.736	n/a	NonTarget	1	370736
370.836	n/a	NonTarget	1	370836
370.936	n/a	NonTarget	1	370936
371.036	n/a	NonTarget	1	371036
371.136	n/a	NonTarget	1	371136
371.237	n/a	Target	2	371237
371.336	n/a	NonTarget	1	371336
371.437	n/a	NonTarget	1	371437
371.537	n/a	NonTarget	1	371537
371.637	n/a	NonTarget	1	371637
371.737	n/a	NonTarget	1	371737
371.837	n/a	NonTarget	1	371837
371.937	n/a	NonTarget	1	371937
372.037	n/a	NonTarget	1	372037
372.137	n/a	NonTarget	1	372137
372.237	n/a	NonTarget	1	372237
