onset	duration	trial_type	value	sample
69.484	1.0	NonTarget	1	69484
69.584	1.0	NonTarget	1	69584
69.684	1.0	NonTarget	1	69684
69.784	1.0	NonTarget	1	69784
69.884	1.0	NonTarget	1	69884
69.984	1.0	NonTarget	1	69984
70.084	1.0	NonTarget	1	70084
70.184	1.0	NonTarget	1	70184
70.284	1.0	NonTarget	1	70284
70.384	1.0	NonTarget	1	70384
70.484	1.0	NonTarget	1	70484
70.584	1.0	NonTarget	1	70584
70.684	1.0	Target	2	70684
70.784	1.0	NonTarget	1	70784
70.884	1.0	NonTarget	1	70884
70.984	1.0	NonTarget	1	70984
71.084	1.0	NonTarget	1	71084
71.184	1.0	NonTarget	1	71184
71.285	1.0	NonTarget	1	71285
71.385	1.0	NonTarget	1	71385
71.485	1.0	NonTarget	1	71485
71.585	1.0	NonTarget	1	71585
71.685	1.0	NonTarget	1	71685
71.785	1.0	NonTarget	1	71785
71.885	1.0	NonTarget	1	71885
71.985	1.0	Target	2	71985
72.085	1.0	NonTarget	1	72085
72.185	1.0	NonTarget	1	72185
72.285	1.0	NonTarget	1	72285
72.385	1.0	NonTarget	1	72385
72.485	1.0	NonTarget	1	72485
72.585	1.0	NonTarget	1	72585
72.685	1.0	NonTarget	1	72685
72.785	1.0	NonTarget	1	72785
72.885	1.0	NonTarget	1	72885
72.985	1.0	NonTarget	1	72985
73.085	1.0	NonTarget	1	73085
73.185	1.0	NonTarget	1	73185
73.286	1.0	NonTarget	1	73286
73.386	1.0	NonTarget	1	73386
73.486	1.0	NonTarget	1	73486
73.586	1.0	NonTarget	1	73586
73.686	1.0	NonTarget	1	73686
73.786	1.0	Target	2	73786
73.886	1.0	NonTarget	1	73886
73.986	1.0	NonTarget	1	73986
74.086	1.0	NonTarget	1	74086
74.186	1.0	NonTarget	1	74186
74.286	1.0	NonTarget	1	74286
74.386	1.0	NonTarget	1	74386
74.486	1.0	NonTarget	1	74486
74.586	1.0	NonTarget	1	74586
74.686	1.0	NonTarget	1	74686
74.786	1.0	NonTarget	1	74786
74.886	1.0	NonTarget	1	74886
74.986	1.0	NonTarget	1	74986
75.087	1.0	NonTarget	1	75087
75.187	1.0	Target	2	75187
75.289	1.0	NonTarget	1	75289
75.387	1.0	NonTarget	1	75387
75.487	1.0	NonTarget	1	75487
75.587	1.0	NonTarget	1	75587
75.687	1.0	NonTarget	1	75687
75.787	1.0	NonTarget	1	75787
75.887	1.0	NonTarget	1	75887
75.987	1.0	NonTarget	1	75987
76.087	1.0	NonTarget	1	76087
76.187	1.0	NonTarget	1	76187
76.287	1.0	NonTarget	1	76287
76.387	1.0	NonTarget	1	76387
76.487	1.0	NonTarget	1	76487
76.587	1.0	NonTarget	1	76587
76.688	1.0	NonTarget	1	76688
76.787	1.0	NonTarget	1	76787
76.888	1.0	NonTarget	1	76888
76.988	1.0	NonTarget	1	76988
77.088	1.0	NonTarget	1	77088
77.188	1.0	NonTarget	1	77188
77.288	1.0	NonTarget	1	77288
77.388	1.0	NonTarget	1	77388
77.488	1.0	NonTarget	1	77488
77.588	1.0	NonTarget	1	77588
77.688	1.0	NonTarget	1	77688
77.788	1.0	NonTarget	1	77788
77.888	1.0	NonTarget	1	77888
77.988	1.0	NonTarget	1	77988
78.088	1.0	NonTarget	1	78088
78.188	1.0	NonTarget	1	78188
78.288	1.0	NonTarget	1	78288
78.389	1.0	NonTarget	1	78389
78.489	1.0	NonTarget	1	78489
78.589	1.0	NonTarget	1	78589
78.689	1.0	NonTarget	1	78689
78.789	1.0	NonTarget	1	78789
78.889	1.0	NonTarget	1	78889
78.989	1.0	NonTarget	1	78989
79.089	1.0	NonTarget	1	79089
79.189	1.0	NonTarget	1	79189
79.289	1.0	NonTarget	1	79289
79.389	1.0	NonTarget	1	79389
93.505	1.0	NonTarget	1	93505
93.614	1.0	NonTarget	1	93614
93.715	1.0	NonTarget	1	93715
93.812	1.0	NonTarget	1	93812
93.912	1.0	NonTarget	1	93912
94.013	1.0	NonTarget	1	94013
94.114	1.0	NonTarget	1	94114
94.215	1.0	NonTarget	1	94215
94.318	1.0	NonTarget	1	94318
94.413	1.0	NonTarget	1	94413
94.513	1.0	NonTarget	1	94513
94.614	1.0	NonTarget	1	94614
94.712	1.0	NonTarget	1	94712
94.816	1.0	NonTarget	1	94816
94.913	1.0	NonTarget	1	94913
95.013	1.0	NonTarget	1	95013
95.114	1.0	NonTarget	1	95114
95.216	1.0	NonTarget	1	95216
95.316	1.0	Target	2	95316
95.414	1.0	NonTarget	1	95414
95.513	1.0	NonTarget	1	95513
95.614	1.0	NonTarget	1	95614
95.715	1.0	NonTarget	1	95715
95.816	1.0	NonTarget	1	95816
95.917	1.0	NonTarget	1	95917
96.014	1.0	NonTarget	1	96014
96.114	1.0	NonTarget	1	96114
96.214	1.0	NonTarget	1	96214
96.315	1.0	NonTarget	1	96315
96.416	1.0	NonTarget	1	96416
96.515	1.0	NonTarget	1	96515
96.614	1.0	NonTarget	1	96614
96.714	1.0	NonTarget	1	96714
96.813	1.0	NonTarget	1	96813
96.914	1.0	NonTarget	1	96914
97.015	1.0	NonTarget	1	97015
97.114	1.0	NonTarget	1	97114
97.215	1.0	NonTarget	1	97215
97.315	1.0	NonTarget	1	97315
97.415	1.0	NonTarget	1	97415
97.514	1.0	NonTarget	1	97514
97.614	1.0	NonTarget	1	97614
97.714	1.0	NonTarget	1	97714
97.815	1.0	NonTarget	1	97815
97.915	1.0	NonTarget	1	97915
98.014	1.0	NonTarget	1	98014
98.115	1.0	NonTarget	1	98115
98.219	1.0	NonTarget	1	98219
98.316	1.0	NonTarget	1	98316
98.416	1.0	NonTarget	1	98416
98.516	1.0	NonTarget	1	98516
98.618	1.0	NonTarget	1	98618
98.716	1.0	NonTarget	1	98716
98.813	1.0	NonTarget	1	98813
98.918	1.0	NonTarget	1	98918
99.016	1.0	NonTarget	1	99016
99.115	1.0	Target	2	99115
99.216	1.0	NonTarget	1	99216
99.317	1.0	NonTarget	1	99317
99.416	1.0	NonTarget	1	99416
99.515	1.0	NonTarget	1	99515
99.616	1.0	NonTarget	1	99616
99.717	1.0	NonTarget	1	99717
99.819	1.0	NonTarget	1	99819
99.916	1.0	NonTarget	1	99916
100.016	1.0	Target	2	100016
100.117	1.0	NonTarget	1	100117
100.217	1.0	NonTarget	1	100217
100.318	1.0	NonTarget	1	100318
100.416	1.0	NonTarget	1	100416
100.516	1.0	NonTarget	1	100516
100.616	1.0	NonTarget	1	100616
100.717	1.0	NonTarget	1	100717
100.816	1.0	NonTarget	1	100816
100.916	1.0	NonTarget	1	100916
101.017	1.0	NonTarget	1	101017
101.117	1.0	NonTarget	1	101117
101.218	1.0	NonTarget	1	101218
101.319	1.0	NonTarget	1	101319
101.42	1.0	Target	2	101420
101.517	1.0	NonTarget	1	101517
101.616	1.0	NonTarget	1	101616
101.717	1.0	NonTarget	1	101717
101.817	1.0	NonTarget	1	101817
101.918	1.0	NonTarget	1	101918
102.019	1.0	NonTarget	1	102019
102.12	1.0	NonTarget	1	102120
102.217	1.0	NonTarget	1	102217
102.317	1.0	NonTarget	1	102317
102.417	1.0	NonTarget	1	102417
102.517	1.0	NonTarget	1	102517
102.62	1.0	NonTarget	1	102620
102.722	1.0	NonTarget	1	102722
102.818	1.0	NonTarget	1	102818
102.917	1.0	NonTarget	1	102917
103.017	1.0	NonTarget	1	103017
103.117	1.0	NonTarget	1	103117
103.221	1.0	NonTarget	1	103221
103.317	1.0	NonTarget	1	103317
103.417	1.0	NonTarget	1	103417
114.723	1.0	NonTarget	1	114723
114.824	1.0	NonTarget	1	114824
114.924	1.0	NonTarget	1	114924
115.025	1.0	NonTarget	1	115025
115.126	1.0	NonTarget	1	115126
115.224	1.0	NonTarget	1	115224
115.324	1.0	NonTarget	1	115324
115.424	1.0	NonTarget	1	115424
115.523	1.0	NonTarget	1	115523
115.625	1.0	NonTarget	1	115625
115.724	1.0	NonTarget	1	115724
115.824	1.0	NonTarget	1	115824
115.925	1.0	NonTarget	1	115925
116.025	1.0	NonTarget	1	116025
116.126	1.0	NonTarget	1	116126
116.228	1.0	NonTarget	1	116228
116.325	1.0	NonTarget	1	116325
116.425	1.0	Target	2	116425
116.525	1.0	NonTarget	1	116525
116.626	1.0	NonTarget	1	116626
116.725	1.0	NonTarget	1	116725
116.825	1.0	NonTarget	1	116825
116.926	1.0	NonTarget	1	116926
117.028	1.0	NonTarget	1	117028
117.126	1.0	NonTarget	1	117126
117.224	1.0	NonTarget	1	117224
117.325	1.0	NonTarget	1	117325
117.426	1.0	NonTarget	1	117426
117.529	1.0	NonTarget	1	117529
117.628	1.0	NonTarget	1	117628
117.726	1.0	NonTarget	1	117726
117.826	1.0	NonTarget	1	117826
117.926	1.0	NonTarget	1	117926
118.026	1.0	NonTarget	1	118026
118.125	1.0	NonTarget	1	118125
118.225	1.0	NonTarget	1	118225
118.326	1.0	NonTarget	1	118326
118.426	1.0	NonTarget	1	118426
118.527	1.0	NonTarget	1	118527
118.626	1.0	NonTarget	1	118626
118.726	1.0	NonTarget	1	118726
118.828	1.0	NonTarget	1	118828
118.929	1.0	NonTarget	1	118929
119.029	1.0	NonTarget	1	119029
119.126	1.0	NonTarget	1	119126
119.227	1.0	NonTarget	1	119227
119.326	1.0	NonTarget	1	119326
119.426	1.0	NonTarget	1	119426
119.527	1.0	Target	2	119527
119.628	1.0	NonTarget	1	119628
119.727	1.0	NonTarget	1	119727
119.826	1.0	NonTarget	1	119826
119.928	1.0	NonTarget	1	119928
120.029	1.0	NonTarget	1	120029
120.13	1.0	NonTarget	1	120130
120.227	1.0	NonTarget	1	120227
120.327	1.0	NonTarget	1	120327
120.428	1.0	NonTarget	1	120428
120.527	1.0	NonTarget	1	120527
120.627	1.0	NonTarget	1	120627
120.728	1.0	Target	2	120728
120.83	1.0	NonTarget	1	120830
120.93	1.0	NonTarget	1	120930
121.028	1.0	NonTarget	1	121028
121.128	1.0	NonTarget	1	121128
121.229	1.0	NonTarget	1	121229
121.327	1.0	NonTarget	1	121327
121.427	1.0	NonTarget	1	121427
121.528	1.0	NonTarget	1	121528
121.628	1.0	NonTarget	1	121628
121.728	1.0	NonTarget	1	121728
121.828	1.0	NonTarget	1	121828
121.929	1.0	NonTarget	1	121929
122.03	1.0	NonTarget	1	122030
122.131	1.0	NonTarget	1	122131
122.228	1.0	NonTarget	1	122228
122.328	1.0	NonTarget	1	122328
122.429	1.0	NonTarget	1	122429
122.53	1.0	NonTarget	1	122530
122.631	1.0	NonTarget	1	122631
122.729	1.0	NonTarget	1	122729
122.828	1.0	NonTarget	1	122828
122.929	1.0	NonTarget	1	122929
123.03	1.0	NonTarget	1	123030
123.131	1.0	NonTarget	1	123131
123.229	1.0	NonTarget	1	123229
123.329	1.0	Target	2	123329
123.43	1.0	NonTarget	1	123430
123.533	1.0	NonTarget	1	123533
123.629	1.0	NonTarget	1	123629
123.729	1.0	NonTarget	1	123729
123.83	1.0	NonTarget	1	123830
123.933	1.0	NonTarget	1	123933
124.029	1.0	NonTarget	1	124029
124.129	1.0	NonTarget	1	124129
124.23	1.0	NonTarget	1	124230
124.331	1.0	NonTarget	1	124331
124.432	1.0	NonTarget	1	124432
124.529	1.0	NonTarget	1	124529
124.63	1.0	NonTarget	1	124630
136.193	1.0	NonTarget	1	136193
136.286	1.0	NonTarget	1	136286
136.389	1.0	NonTarget	1	136389
136.486	1.0	NonTarget	1	136486
136.586	1.0	NonTarget	1	136586
136.687	1.0	NonTarget	1	136687
136.788	1.0	NonTarget	1	136788
136.886	1.0	NonTarget	1	136886
136.986	1.0	NonTarget	1	136986
137.087	1.0	NonTarget	1	137087
137.188	1.0	NonTarget	1	137188
137.287	1.0	NonTarget	1	137287
137.386	1.0	NonTarget	1	137386
137.487	1.0	NonTarget	1	137487
137.588	1.0	NonTarget	1	137588
137.689	1.0	NonTarget	1	137689
137.786	1.0	NonTarget	1	137786
137.886	1.0	NonTarget	1	137886
137.987	1.0	NonTarget	1	137987
138.088	1.0	NonTarget	1	138088
138.19	1.0	NonTarget	1	138190
138.287	1.0	NonTarget	1	138287
138.388	1.0	NonTarget	1	138388
138.487	1.0	Target	2	138487
138.587	1.0	NonTarget	1	138587
138.688	1.0	NonTarget	1	138688
138.787	1.0	NonTarget	1	138787
138.886	1.0	NonTarget	1	138886
138.987	1.0	NonTarget	1	138987
139.087	1.0	NonTarget	1	139087
139.186	1.0	NonTarget	1	139186
139.286	1.0	NonTarget	1	139286
139.386	1.0	NonTarget	1	139386
139.486	1.0	NonTarget	1	139486
139.59	1.0	NonTarget	1	139590
139.687	1.0	NonTarget	1	139687
139.788	1.0	NonTarget	1	139788
139.888	1.0	NonTarget	1	139888
139.989	1.0	NonTarget	1	139989
140.089	1.0	Target	2	140089
140.188	1.0	NonTarget	1	140188
140.288	1.0	NonTarget	1	140288
140.388	1.0	NonTarget	1	140388
140.488	1.0	NonTarget	1	140488
140.587	1.0	NonTarget	1	140587
140.688	1.0	NonTarget	1	140688
140.791	1.0	NonTarget	1	140791
140.888	1.0	NonTarget	1	140888
140.987	1.0	NonTarget	1	140987
141.088	1.0	NonTarget	1	141088
141.189	1.0	NonTarget	1	141189
141.29	1.0	NonTarget	1	141290
141.387	1.0	NonTarget	1	141387
141.488	1.0	NonTarget	1	141488
141.588	1.0	NonTarget	1	141588
141.688	1.0	NonTarget	1	141688
141.789	1.0	NonTarget	1	141789
141.888	1.0	NonTarget	1	141888
141.988	1.0	NonTarget	1	141988
142.089	1.0	NonTarget	1	142089
142.193	1.0	NonTarget	1	142193
142.289	1.0	NonTarget	1	142289
142.388	1.0	NonTarget	1	142388
142.489	1.0	NonTarget	1	142489
142.589	1.0	NonTarget	1	142589
142.689	1.0	NonTarget	1	142689
142.79	1.0	NonTarget	1	142790
142.891	1.0	NonTarget	1	142891
142.989	1.0	NonTarget	1	142989
143.089	1.0	NonTarget	1	143089
143.19	1.0	NonTarget	1	143190
143.29	1.0	NonTarget	1	143290
143.389	1.0	NonTarget	1	143389
143.489	1.0	NonTarget	1	143489
143.589	1.0	NonTarget	1	143589
143.69	1.0	Target	2	143690
143.79	1.0	NonTarget	1	143790
143.89	1.0	NonTarget	1	143890
143.989	1.0	NonTarget	1	143989
144.089	1.0	NonTarget	1	144089
144.19	1.0	NonTarget	1	144190
144.289	1.0	NonTarget	1	144289
144.391	1.0	NonTarget	1	144391
144.491	1.0	NonTarget	1	144491
144.593	1.0	NonTarget	1	144593
144.69	1.0	NonTarget	1	144690
144.79	1.0	NonTarget	1	144790
144.89	1.0	NonTarget	1	144890
144.99	1.0	NonTarget	1	144990
145.089	1.0	Target	2	145089
145.192	1.0	NonTarget	1	145192
145.293	1.0	NonTarget	1	145293
145.393	1.0	NonTarget	1	145393
145.49	1.0	NonTarget	1	145490
145.591	1.0	NonTarget	1	145591
145.693	1.0	NonTarget	1	145693
145.794	1.0	NonTarget	1	145794
145.892	1.0	NonTarget	1	145892
145.992	1.0	NonTarget	1	145992
146.091	1.0	NonTarget	1	146091
157.742	1.0	NonTarget	1	157742
157.847	1.0	NonTarget	1	157847
157.947	1.0	NonTarget	1	157947
158.047	1.0	NonTarget	1	158047
158.146	1.0	NonTarget	1	158146
158.247	1.0	NonTarget	1	158247
158.348	1.0	NonTarget	1	158348
158.448	1.0	NonTarget	1	158448
158.548	1.0	NonTarget	1	158548
158.648	1.0	NonTarget	1	158648
158.751	1.0	NonTarget	1	158751
158.847	1.0	NonTarget	1	158847
158.948	1.0	NonTarget	1	158948
159.048	1.0	NonTarget	1	159048
159.149	1.0	Target	2	159149
159.248	1.0	NonTarget	1	159248
159.348	1.0	NonTarget	1	159348
159.448	1.0	NonTarget	1	159448
159.549	1.0	NonTarget	1	159549
159.65	1.0	NonTarget	1	159650
159.748	1.0	NonTarget	1	159748
159.849	1.0	NonTarget	1	159849
159.949	1.0	NonTarget	1	159949
160.048	1.0	NonTarget	1	160048
160.149	1.0	NonTarget	1	160149
160.246	1.0	NonTarget	1	160246
160.351	1.0	NonTarget	1	160351
160.453	1.0	NonTarget	1	160453
160.553	1.0	NonTarget	1	160553
160.649	1.0	NonTarget	1	160649
160.749	1.0	NonTarget	1	160749
160.851	1.0	NonTarget	1	160851
160.949	1.0	NonTarget	1	160949
161.049	1.0	NonTarget	1	161049
161.15	1.0	NonTarget	1	161150
161.25	1.0	NonTarget	1	161250
161.352	1.0	NonTarget	1	161352
161.453	1.0	NonTarget	1	161453
161.549	1.0	Target	2	161549
161.65	1.0	NonTarget	1	161650
161.75	1.0	NonTarget	1	161750
161.849	1.0	NonTarget	1	161849
161.949	1.0	NonTarget	1	161949
162.049	1.0	NonTarget	1	162049
162.15	1.0	NonTarget	1	162150
162.251	1.0	NonTarget	1	162251
162.349	1.0	NonTarget	1	162349
162.449	1.0	NonTarget	1	162449
162.549	1.0	Target	2	162549
162.65	1.0	NonTarget	1	162650
162.751	1.0	NonTarget	1	162751
162.851	1.0	NonTarget	1	162851
162.953	1.0	NonTarget	1	162953
163.053	1.0	NonTarget	1	163053
163.15	1.0	NonTarget	1	163150
163.251	1.0	NonTarget	1	163251
163.353	1.0	NonTarget	1	163353
163.45	1.0	NonTarget	1	163450
163.55	1.0	NonTarget	1	163550
163.65	1.0	NonTarget	1	163650
163.751	1.0	NonTarget	1	163751
163.85	1.0	NonTarget	1	163850
163.951	1.0	NonTarget	1	163951
164.051	1.0	NonTarget	1	164051
164.151	1.0	NonTarget	1	164151
164.25	1.0	NonTarget	1	164250
164.351	1.0	NonTarget	1	164351
164.451	1.0	NonTarget	1	164451
164.55	1.0	NonTarget	1	164550
164.65	1.0	NonTarget	1	164650
164.751	1.0	NonTarget	1	164751
164.85	1.0	NonTarget	1	164850
164.954	1.0	NonTarget	1	164954
165.054	1.0	NonTarget	1	165054
165.15	1.0	NonTarget	1	165150
165.252	1.0	NonTarget	1	165252
165.352	1.0	NonTarget	1	165352
165.453	1.0	NonTarget	1	165453
165.552	1.0	NonTarget	1	165552
165.652	1.0	NonTarget	1	165652
165.75	1.0	NonTarget	1	165750
165.852	1.0	NonTarget	1	165852
165.952	1.0	NonTarget	1	165952
166.052	1.0	NonTarget	1	166052
166.151	1.0	NonTarget	1	166151
166.252	1.0	NonTarget	1	166252
166.351	1.0	NonTarget	1	166351
166.451	1.0	NonTarget	1	166451
166.552	1.0	NonTarget	1	166552
166.652	1.0	Target	2	166652
166.753	1.0	NonTarget	1	166753
166.854	1.0	NonTarget	1	166854
166.954	1.0	NonTarget	1	166954
167.052	1.0	NonTarget	1	167052
167.152	1.0	NonTarget	1	167152
167.253	1.0	NonTarget	1	167253
167.353	1.0	NonTarget	1	167353
167.452	1.0	NonTarget	1	167452
167.553	1.0	NonTarget	1	167553
167.653	1.0	NonTarget	1	167653
180.382	1.0	NonTarget	1	180382
180.476	1.0	NonTarget	1	180476
180.576	1.0	NonTarget	1	180576
180.677	1.0	NonTarget	1	180677
180.776	1.0	NonTarget	1	180776
180.876	1.0	NonTarget	1	180876
180.976	1.0	NonTarget	1	180976
181.077	1.0	NonTarget	1	181077
181.177	1.0	NonTarget	1	181177
181.278	1.0	NonTarget	1	181278
181.376	1.0	NonTarget	1	181376
181.477	1.0	NonTarget	1	181477
181.58	1.0	NonTarget	1	181580
181.678	1.0	NonTarget	1	181678
181.776	1.0	NonTarget	1	181776
181.877	1.0	NonTarget	1	181877
181.978	1.0	NonTarget	1	181978
182.079	1.0	NonTarget	1	182079
182.177	1.0	NonTarget	1	182177
182.277	1.0	NonTarget	1	182277
182.378	1.0	Target	2	182378
182.479	1.0	NonTarget	1	182479
182.578	1.0	NonTarget	1	182578
182.677	1.0	NonTarget	1	182677
182.778	1.0	NonTarget	1	182778
182.878	1.0	NonTarget	1	182878
182.979	1.0	NonTarget	1	182979
183.078	1.0	NonTarget	1	183078
183.177	1.0	NonTarget	1	183177
183.278	1.0	NonTarget	1	183278
183.378	1.0	NonTarget	1	183378
183.479	1.0	NonTarget	1	183479
183.577	1.0	NonTarget	1	183577
183.677	1.0	NonTarget	1	183677
183.778	1.0	NonTarget	1	183778
183.878	1.0	NonTarget	1	183878
183.977	1.0	NonTarget	1	183977
184.079	1.0	NonTarget	1	184079
184.178	1.0	NonTarget	1	184178
184.279	1.0	NonTarget	1	184279
184.38	1.0	NonTarget	1	184380
184.481	1.0	NonTarget	1	184481
184.579	1.0	NonTarget	1	184579
184.679	1.0	NonTarget	1	184679
184.779	1.0	NonTarget	1	184779
184.88	1.0	NonTarget	1	184880
184.979	1.0	NonTarget	1	184979
185.079	1.0	NonTarget	1	185079
185.179	1.0	NonTarget	1	185179
185.279	1.0	NonTarget	1	185279
185.379	1.0	NonTarget	1	185379
185.478	1.0	NonTarget	1	185478
185.579	1.0	NonTarget	1	185579
185.679	1.0	NonTarget	1	185679
185.78	1.0	NonTarget	1	185780
185.881	1.0	NonTarget	1	185881
185.978	1.0	NonTarget	1	185978
186.079	1.0	NonTarget	1	186079
186.182	1.0	NonTarget	1	186182
186.28	1.0	NonTarget	1	186280
186.38	1.0	NonTarget	1	186380
186.48	1.0	NonTarget	1	186480
186.581	1.0	NonTarget	1	186581
186.68	1.0	NonTarget	1	186680
186.78	1.0	NonTarget	1	186780
186.879	1.0	Target	2	186879
186.98	1.0	NonTarget	1	186980
187.08	1.0	NonTarget	1	187080
187.18	1.0	NonTarget	1	187180
187.279	1.0	NonTarget	1	187279
187.38	1.0	NonTarget	1	187380
187.479	1.0	NonTarget	1	187479
187.58	1.0	NonTarget	1	187580
187.679	1.0	NonTarget	1	187679
187.781	1.0	NonTarget	1	187781
187.881	1.0	NonTarget	1	187881
187.982	1.0	NonTarget	1	187982
188.083	1.0	NonTarget	1	188083
188.181	1.0	Target	2	188181
188.281	1.0	NonTarget	1	188281
188.381	1.0	NonTarget	1	188381
188.484	1.0	NonTarget	1	188484
188.58	1.0	NonTarget	1	188580
188.681	1.0	NonTarget	1	188681
188.781	1.0	NonTarget	1	188781
188.884	1.0	Target	2	188884
188.982	1.0	NonTarget	1	188982
189.081	1.0	NonTarget	1	189081
189.182	1.0	NonTarget	1	189182
189.283	1.0	NonTarget	1	189283
189.382	1.0	NonTarget	1	189382
189.481	1.0	NonTarget	1	189481
189.582	1.0	NonTarget	1	189582
189.683	1.0	NonTarget	1	189683
189.78	1.0	NonTarget	1	189780
189.882	1.0	NonTarget	1	189882
189.982	1.0	NonTarget	1	189982
190.083	1.0	NonTarget	1	190083
190.182	1.0	NonTarget	1	190182
190.282	1.0	NonTarget	1	190282
203.303	1.0	NonTarget	1	203303
203.406	1.0	NonTarget	1	203406
203.507	1.0	NonTarget	1	203507
203.607	1.0	NonTarget	1	203607
203.706	1.0	NonTarget	1	203706
203.804	1.0	NonTarget	1	203804
203.908	1.0	NonTarget	1	203908
204.005	1.0	NonTarget	1	204005
204.105	1.0	NonTarget	1	204105
204.206	1.0	NonTarget	1	204206
204.306	1.0	NonTarget	1	204306
204.406	1.0	NonTarget	1	204406
204.507	1.0	NonTarget	1	204507
204.608	1.0	NonTarget	1	204608
204.709	1.0	NonTarget	1	204709
204.806	1.0	NonTarget	1	204806
204.907	1.0	NonTarget	1	204907
205.008	1.0	NonTarget	1	205008
205.106	1.0	NonTarget	1	205106
205.206	1.0	NonTarget	1	205206
205.307	1.0	NonTarget	1	205307
205.407	1.0	NonTarget	1	205407
205.508	1.0	NonTarget	1	205508
205.609	1.0	NonTarget	1	205609
205.707	1.0	NonTarget	1	205707
205.807	1.0	Target	2	205807
205.908	1.0	NonTarget	1	205908
206.008	1.0	NonTarget	1	206008
206.107	1.0	NonTarget	1	206107
206.207	1.0	NonTarget	1	206207
206.308	1.0	NonTarget	1	206308
206.408	1.0	NonTarget	1	206408
206.509	1.0	NonTarget	1	206509
206.607	1.0	NonTarget	1	206607
206.706	1.0	NonTarget	1	206706
206.808	1.0	NonTarget	1	206808
206.911	1.0	NonTarget	1	206911
207.007	1.0	NonTarget	1	207007
207.107	1.0	NonTarget	1	207107
207.208	1.0	NonTarget	1	207208
207.309	1.0	Target	2	207309
207.41	1.0	NonTarget	1	207410
207.508	1.0	NonTarget	1	207508
207.607	1.0	NonTarget	1	207607
207.708	1.0	NonTarget	1	207708
207.809	1.0	NonTarget	1	207809
207.91	1.0	NonTarget	1	207910
208.009	1.0	NonTarget	1	208009
208.108	1.0	NonTarget	1	208108
208.208	1.0	NonTarget	1	208208
208.309	1.0	NonTarget	1	208309
208.41	1.0	NonTarget	1	208410
208.508	1.0	NonTarget	1	208508
208.608	1.0	NonTarget	1	208608
208.708	1.0	Target	2	208708
208.809	1.0	NonTarget	1	208809
208.908	1.0	NonTarget	1	208908
209.008	1.0	NonTarget	1	209008
209.109	1.0	NonTarget	1	209109
209.211	1.0	NonTarget	1	209211
209.312	1.0	NonTarget	1	209312
209.409	1.0	Target	2	209409
209.509	1.0	NonTarget	1	209509
209.609	1.0	NonTarget	1	209609
209.711	1.0	NonTarget	1	209711
209.812	1.0	NonTarget	1	209812
209.908	1.0	NonTarget	1	209908
210.01	1.0	NonTarget	1	210010
210.11	1.0	NonTarget	1	210110
210.211	1.0	NonTarget	1	210211
210.309	1.0	NonTarget	1	210309
210.41	1.0	NonTarget	1	210410
210.509	1.0	NonTarget	1	210509
210.61	1.0	NonTarget	1	210610
210.71	1.0	NonTarget	1	210710
210.809	1.0	NonTarget	1	210809
210.909	1.0	NonTarget	1	210909
211.012	1.0	NonTarget	1	211012
211.113	1.0	NonTarget	1	211113
211.209	1.0	NonTarget	1	211209
211.31	1.0	NonTarget	1	211310
211.412	1.0	NonTarget	1	211412
211.512	1.0	NonTarget	1	211512
211.61	1.0	NonTarget	1	211610
211.71	1.0	NonTarget	1	211710
211.81	1.0	NonTarget	1	211810
211.91	1.0	NonTarget	1	211910
212.009	1.0	NonTarget	1	212009
212.11	1.0	NonTarget	1	212110
212.208	1.0	NonTarget	1	212208
212.31	1.0	NonTarget	1	212310
212.409	1.0	NonTarget	1	212409
212.511	1.0	NonTarget	1	212511
212.61	1.0	NonTarget	1	212610
212.71	1.0	NonTarget	1	212710
212.811	1.0	NonTarget	1	212811
212.912	1.0	NonTarget	1	212912
213.013	1.0	NonTarget	1	213013
213.11	1.0	NonTarget	1	213110
213.211	1.0	NonTarget	1	213211
227.083	1.0	NonTarget	1	227083
227.185	1.0	NonTarget	1	227185
227.286	1.0	NonTarget	1	227286
227.387	1.0	NonTarget	1	227387
227.486	1.0	NonTarget	1	227486
227.586	1.0	NonTarget	1	227586
227.684	1.0	NonTarget	1	227684
227.785	1.0	NonTarget	1	227785
227.885	1.0	NonTarget	1	227885
227.986	1.0	NonTarget	1	227986
228.085	1.0	NonTarget	1	228085
228.185	1.0	NonTarget	1	228185
228.286	1.0	NonTarget	1	228286
228.389	1.0	NonTarget	1	228389
228.485	1.0	Target	2	228485
228.586	1.0	NonTarget	1	228586
228.686	1.0	NonTarget	1	228686
228.788	1.0	NonTarget	1	228788
228.885	1.0	NonTarget	1	228885
228.986	1.0	NonTarget	1	228986
229.086	1.0	NonTarget	1	229086
229.189	1.0	NonTarget	1	229189
229.286	1.0	NonTarget	1	229286
229.387	1.0	NonTarget	1	229387
229.485	1.0	NonTarget	1	229485
229.586	1.0	NonTarget	1	229586
229.686	1.0	NonTarget	1	229686
229.786	1.0	NonTarget	1	229786
229.887	1.0	NonTarget	1	229887
229.986	1.0	NonTarget	1	229986
230.086	1.0	NonTarget	1	230086
230.188	1.0	NonTarget	1	230188
230.287	1.0	NonTarget	1	230287
230.386	1.0	NonTarget	1	230386
230.487	1.0	NonTarget	1	230487
230.587	1.0	NonTarget	1	230587
230.687	1.0	NonTarget	1	230687
230.789	1.0	NonTarget	1	230789
230.89	1.0	NonTarget	1	230890
230.99	1.0	NonTarget	1	230990
231.088	1.0	NonTarget	1	231088
231.188	1.0	NonTarget	1	231188
231.289	1.0	NonTarget	1	231289
231.387	1.0	Target	2	231387
231.488	1.0	NonTarget	1	231488
231.587	1.0	NonTarget	1	231587
231.688	1.0	NonTarget	1	231688
231.789	1.0	NonTarget	1	231789
231.89	1.0	NonTarget	1	231890
231.988	1.0	NonTarget	1	231988
232.088	1.0	NonTarget	1	232088
232.188	1.0	NonTarget	1	232188
232.289	1.0	NonTarget	1	232289
232.388	1.0	NonTarget	1	232388
232.488	1.0	NonTarget	1	232488
232.588	1.0	NonTarget	1	232588
232.689	1.0	NonTarget	1	232689
232.79	1.0	NonTarget	1	232790
232.891	1.0	NonTarget	1	232891
232.989	1.0	NonTarget	1	232989
233.089	1.0	NonTarget	1	233089
233.189	1.0	NonTarget	1	233189
233.29	1.0	NonTarget	1	233290
233.388	1.0	Target	2	233388
233.489	1.0	NonTarget	1	233489
233.588	1.0	NonTarget	1	233588
233.689	1.0	NonTarget	1	233689
233.79	1.0	NonTarget	1	233790
233.891	1.0	NonTarget	1	233891
233.988	1.0	NonTarget	1	233988
234.089	1.0	NonTarget	1	234089
234.19	1.0	NonTarget	1	234190
234.29	1.0	NonTarget	1	234290
234.388	1.0	NonTarget	1	234388
234.488	1.0	NonTarget	1	234488
234.589	1.0	NonTarget	1	234589
234.686	1.0	NonTarget	1	234686
234.788	1.0	NonTarget	1	234788
234.889	1.0	NonTarget	1	234889
234.993	1.0	NonTarget	1	234993
235.089	1.0	NonTarget	1	235089
235.19	1.0	NonTarget	1	235190
235.29	1.0	NonTarget	1	235290
235.389	1.0	NonTarget	1	235389
235.49	1.0	Target	2	235490
235.591	1.0	NonTarget	1	235591
235.691	1.0	NonTarget	1	235691
235.789	1.0	NonTarget	1	235789
235.889	1.0	NonTarget	1	235889
235.99	1.0	NonTarget	1	235990
236.091	1.0	NonTarget	1	236091
236.19	1.0	NonTarget	1	236190
236.289	1.0	NonTarget	1	236289
236.39	1.0	NonTarget	1	236390
236.494	1.0	NonTarget	1	236494
236.59	1.0	NonTarget	1	236590
236.69	1.0	NonTarget	1	236690
236.79	1.0	NonTarget	1	236790
236.89	1.0	NonTarget	1	236890
236.991	1.0	NonTarget	1	236991
249.921	1.0	NonTarget	1	249921
250.013	1.0	NonTarget	1	250013
250.115	1.0	NonTarget	1	250115
250.215	1.0	NonTarget	1	250215
250.316	1.0	NonTarget	1	250316
250.414	1.0	NonTarget	1	250414
250.514	1.0	NonTarget	1	250514
250.614	1.0	NonTarget	1	250614
250.715	1.0	NonTarget	1	250715
250.815	1.0	NonTarget	1	250815
250.914	1.0	Target	2	250914
251.015	1.0	NonTarget	1	251015
251.114	1.0	NonTarget	1	251114
251.217	1.0	NonTarget	1	251217
251.315	1.0	NonTarget	1	251315
251.415	1.0	NonTarget	1	251415
251.515	1.0	NonTarget	1	251515
251.617	1.0	NonTarget	1	251617
251.715	1.0	NonTarget	1	251715
251.815	1.0	NonTarget	1	251815
251.915	1.0	NonTarget	1	251915
252.016	1.0	NonTarget	1	252016
252.118	1.0	NonTarget	1	252118
252.219	1.0	Target	2	252219
252.317	1.0	NonTarget	1	252317
252.415	1.0	NonTarget	1	252415
252.514	1.0	NonTarget	1	252514
252.615	1.0	NonTarget	1	252615
252.716	1.0	NonTarget	1	252716
252.815	1.0	NonTarget	1	252815
252.915	1.0	NonTarget	1	252915
253.015	1.0	NonTarget	1	253015
253.115	1.0	NonTarget	1	253115
253.216	1.0	NonTarget	1	253216
253.316	1.0	NonTarget	1	253316
253.416	1.0	NonTarget	1	253416
253.517	1.0	Target	2	253517
253.618	1.0	NonTarget	1	253618
253.716	1.0	NonTarget	1	253716
253.816	1.0	NonTarget	1	253816
253.917	1.0	NonTarget	1	253917
254.017	1.0	NonTarget	1	254017
254.116	1.0	NonTarget	1	254116
254.217	1.0	NonTarget	1	254217
254.317	1.0	NonTarget	1	254317
254.417	1.0	NonTarget	1	254417
254.519	1.0	NonTarget	1	254519
254.62	1.0	NonTarget	1	254620
254.716	1.0	NonTarget	1	254716
254.816	1.0	NonTarget	1	254816
254.917	1.0	NonTarget	1	254917
255.02	1.0	NonTarget	1	255020
255.117	1.0	NonTarget	1	255117
255.217	1.0	NonTarget	1	255217
255.317	1.0	NonTarget	1	255317
255.418	1.0	NonTarget	1	255418
255.52	1.0	Target	2	255520
255.62	1.0	NonTarget	1	255620
255.718	1.0	NonTarget	1	255718
255.817	1.0	NonTarget	1	255817
255.918	1.0	NonTarget	1	255918
256.017	1.0	NonTarget	1	256017
256.117	1.0	NonTarget	1	256117
256.218	1.0	NonTarget	1	256218
256.318	1.0	NonTarget	1	256318
256.42	1.0	NonTarget	1	256420
256.517	1.0	NonTarget	1	256517
256.618	1.0	NonTarget	1	256618
256.72	1.0	NonTarget	1	256720
256.821	1.0	NonTarget	1	256821
256.918	1.0	NonTarget	1	256918
257.017	1.0	NonTarget	1	257017
257.117	1.0	NonTarget	1	257117
257.218	1.0	NonTarget	1	257218
257.321	1.0	NonTarget	1	257321
257.422	1.0	NonTarget	1	257422
257.519	1.0	NonTarget	1	257519
257.618	1.0	NonTarget	1	257618
257.717	1.0	NonTarget	1	257717
257.818	1.0	NonTarget	1	257818
257.918	1.0	NonTarget	1	257918
258.018	1.0	NonTarget	1	258018
258.119	1.0	NonTarget	1	258119
258.22	1.0	NonTarget	1	258220
258.319	1.0	NonTarget	1	258319
258.419	1.0	NonTarget	1	258419
258.52	1.0	NonTarget	1	258520
258.622	1.0	NonTarget	1	258622
258.719	1.0	NonTarget	1	258719
258.818	1.0	NonTarget	1	258818
258.918	1.0	NonTarget	1	258918
259.019	1.0	NonTarget	1	259019
259.12	1.0	NonTarget	1	259120
259.22	1.0	NonTarget	1	259220
259.321	1.0	NonTarget	1	259321
259.418	1.0	NonTarget	1	259418
259.519	1.0	NonTarget	1	259519
259.62	1.0	NonTarget	1	259620
259.72	1.0	NonTarget	1	259720
259.82	1.0	NonTarget	1	259820
272.356	1.0	NonTarget	1	272356
272.46	1.0	NonTarget	1	272460
272.56	1.0	NonTarget	1	272560
272.66	1.0	NonTarget	1	272660
272.759	1.0	NonTarget	1	272759
272.859	1.0	NonTarget	1	272859
272.961	1.0	NonTarget	1	272961
273.062	1.0	NonTarget	1	273062
273.163	1.0	NonTarget	1	273163
273.259	1.0	NonTarget	1	273259
273.361	1.0	NonTarget	1	273361
273.461	1.0	NonTarget	1	273461
273.56	1.0	NonTarget	1	273560
273.66	1.0	NonTarget	1	273660
273.761	1.0	NonTarget	1	273761
273.861	1.0	Target	2	273861
273.961	1.0	NonTarget	1	273961
274.063	1.0	NonTarget	1	274063
274.16	1.0	NonTarget	1	274160
274.261	1.0	NonTarget	1	274261
274.361	1.0	NonTarget	1	274361
274.462	1.0	NonTarget	1	274462
274.563	1.0	NonTarget	1	274563
274.661	1.0	NonTarget	1	274661
274.761	1.0	NonTarget	1	274761
274.862	1.0	NonTarget	1	274862
274.963	1.0	NonTarget	1	274963
275.063	1.0	NonTarget	1	275063
275.16	1.0	NonTarget	1	275160
275.261	1.0	NonTarget	1	275261
275.362	1.0	NonTarget	1	275362
275.459	1.0	NonTarget	1	275459
275.564	1.0	Target	2	275564
275.665	1.0	NonTarget	1	275665
275.759	1.0	NonTarget	1	275759
275.861	1.0	NonTarget	1	275861
275.964	1.0	NonTarget	1	275964
276.062	1.0	NonTarget	1	276062
276.162	1.0	NonTarget	1	276162
276.262	1.0	Target	2	276262
276.364	1.0	NonTarget	1	276364
276.462	1.0	NonTarget	1	276462
276.562	1.0	NonTarget	1	276562
276.662	1.0	NonTarget	1	276662
276.763	1.0	NonTarget	1	276763
276.862	1.0	NonTarget	1	276862
276.962	1.0	NonTarget	1	276962
277.063	1.0	NonTarget	1	277063
277.164	1.0	NonTarget	1	277164
277.265	1.0	NonTarget	1	277265
277.361	1.0	NonTarget	1	277361
277.462	1.0	NonTarget	1	277462
277.563	1.0	NonTarget	1	277563
277.663	1.0	NonTarget	1	277663
277.764	1.0	NonTarget	1	277764
277.862	1.0	NonTarget	1	277862
277.963	1.0	NonTarget	1	277963
278.062	1.0	NonTarget	1	278062
278.161	1.0	NonTarget	1	278161
278.262	1.0	NonTarget	1	278262
278.362	1.0	NonTarget	1	278362
278.462	1.0	NonTarget	1	278462
278.566	1.0	NonTarget	1	278566
278.662	1.0	NonTarget	1	278662
278.764	1.0	NonTarget	1	278764
278.864	1.0	NonTarget	1	278864
278.965	1.0	NonTarget	1	278965
279.066	1.0	NonTarget	1	279066
279.163	1.0	NonTarget	1	279163
279.264	1.0	Target	2	279264
279.363	1.0	NonTarget	1	279363
279.463	1.0	NonTarget	1	279463
279.564	1.0	NonTarget	1	279564
279.665	1.0	NonTarget	1	279665
279.764	1.0	NonTarget	1	279764
279.864	1.0	NonTarget	1	279864
279.964	1.0	NonTarget	1	279964
280.065	1.0	NonTarget	1	280065
280.166	1.0	NonTarget	1	280166
280.263	1.0	NonTarget	1	280263
280.364	1.0	NonTarget	1	280364
280.465	1.0	NonTarget	1	280465
280.567	1.0	NonTarget	1	280567
280.664	1.0	NonTarget	1	280664
280.765	1.0	NonTarget	1	280765
280.864	1.0	NonTarget	1	280864
280.965	1.0	NonTarget	1	280965
281.061	1.0	NonTarget	1	281061
281.164	1.0	NonTarget	1	281164
281.264	1.0	NonTarget	1	281264
281.365	1.0	NonTarget	1	281365
281.464	1.0	NonTarget	1	281464
281.565	1.0	NonTarget	1	281565
281.665	1.0	NonTarget	1	281665
281.766	1.0	NonTarget	1	281766
281.864	1.0	NonTarget	1	281864
281.964	1.0	NonTarget	1	281964
282.065	1.0	NonTarget	1	282065
282.165	1.0	NonTarget	1	282165
282.266	1.0	NonTarget	1	282266
294.585	1.0	NonTarget	1	294585
294.688	1.0	NonTarget	1	294688
294.788	1.0	NonTarget	1	294788
294.888	1.0	NonTarget	1	294888
294.989	1.0	NonTarget	1	294989
295.09	1.0	NonTarget	1	295090
295.191	1.0	NonTarget	1	295191
295.288	1.0	NonTarget	1	295288
295.388	1.0	NonTarget	1	295388
295.49	1.0	NonTarget	1	295490
295.591	1.0	NonTarget	1	295591
295.692	1.0	Target	2	295692
295.789	1.0	NonTarget	1	295789
295.89	1.0	NonTarget	1	295890
295.989	1.0	NonTarget	1	295989
296.089	1.0	NonTarget	1	296089
296.189	1.0	NonTarget	1	296189
296.288	1.0	NonTarget	1	296288
296.388	1.0	NonTarget	1	296388
296.489	1.0	NonTarget	1	296489
296.589	1.0	NonTarget	1	296589
296.689	1.0	NonTarget	1	296689
296.79	1.0	NonTarget	1	296790
296.89	1.0	NonTarget	1	296890
296.989	1.0	NonTarget	1	296989
297.089	1.0	NonTarget	1	297089
297.192	1.0	NonTarget	1	297192
297.288	1.0	NonTarget	1	297288
297.389	1.0	NonTarget	1	297389
297.49	1.0	NonTarget	1	297490
297.59	1.0	NonTarget	1	297590
297.689	1.0	NonTarget	1	297689
297.79	1.0	NonTarget	1	297790
297.89	1.0	NonTarget	1	297890
297.99	1.0	NonTarget	1	297990
298.09	1.0	NonTarget	1	298090
298.192	1.0	NonTarget	1	298192
298.291	1.0	NonTarget	1	298291
298.394	1.0	NonTarget	1	298394
298.49	1.0	NonTarget	1	298490
298.591	1.0	NonTarget	1	298591
298.691	1.0	NonTarget	1	298691
298.79	1.0	NonTarget	1	298790
298.89	1.0	NonTarget	1	298890
298.99	1.0	NonTarget	1	298990
299.089	1.0	Target	2	299089
299.191	1.0	NonTarget	1	299191
299.291	1.0	NonTarget	1	299291
299.393	1.0	NonTarget	1	299393
299.493	1.0	NonTarget	1	299493
299.591	1.0	NonTarget	1	299591
299.691	1.0	NonTarget	1	299691
299.79	1.0	NonTarget	1	299790
299.892	1.0	NonTarget	1	299892
299.991	1.0	NonTarget	1	299991
300.092	1.0	Target	2	300092
300.191	1.0	NonTarget	1	300191
300.29	1.0	NonTarget	1	300290
300.391	1.0	NonTarget	1	300391
300.494	1.0	NonTarget	1	300494
300.592	1.0	NonTarget	1	300592
300.691	1.0	NonTarget	1	300691
300.792	1.0	NonTarget	1	300792
300.893	1.0	NonTarget	1	300893
300.991	1.0	NonTarget	1	300991
301.091	1.0	NonTarget	1	301091
301.192	1.0	NonTarget	1	301192
301.292	1.0	NonTarget	1	301292
301.392	1.0	NonTarget	1	301392
301.491	1.0	NonTarget	1	301491
301.592	1.0	NonTarget	1	301592
301.691	1.0	NonTarget	1	301691
301.792	1.0	Target	2	301792
301.892	1.0	NonTarget	1	301892
301.992	1.0	NonTarget	1	301992
302.091	1.0	NonTarget	1	302091
302.192	1.0	NonTarget	1	302192
302.292	1.0	NonTarget	1	302292
302.392	1.0	NonTarget	1	302392
302.493	1.0	NonTarget	1	302493
302.594	1.0	NonTarget	1	302594
302.692	1.0	NonTarget	1	302692
302.793	1.0	NonTarget	1	302793
302.893	1.0	NonTarget	1	302893
302.993	1.0	NonTarget	1	302993
303.093	1.0	NonTarget	1	303093
303.194	1.0	NonTarget	1	303194
303.296	1.0	NonTarget	1	303296
303.393	1.0	NonTarget	1	303393
303.493	1.0	NonTarget	1	303493
303.593	1.0	NonTarget	1	303593
303.695	1.0	NonTarget	1	303695
303.793	1.0	NonTarget	1	303793
303.893	1.0	NonTarget	1	303893
303.994	1.0	NonTarget	1	303994
304.095	1.0	NonTarget	1	304095
304.193	1.0	NonTarget	1	304193
304.294	1.0	NonTarget	1	304294
304.393	1.0	NonTarget	1	304393
304.494	1.0	NonTarget	1	304494
317.127	1.0	NonTarget	1	317127
317.236	1.0	NonTarget	1	317236
317.333	1.0	NonTarget	1	317333
317.433	1.0	NonTarget	1	317433
317.534	1.0	NonTarget	1	317534
317.634	1.0	NonTarget	1	317634
317.733	1.0	NonTarget	1	317733
317.834	1.0	NonTarget	1	317834
317.934	1.0	NonTarget	1	317934
318.035	1.0	NonTarget	1	318035
318.135	1.0	NonTarget	1	318135
318.237	1.0	NonTarget	1	318237
318.337	1.0	NonTarget	1	318337
318.434	1.0	NonTarget	1	318434
318.535	1.0	NonTarget	1	318535
318.637	1.0	NonTarget	1	318637
318.738	1.0	NonTarget	1	318738
318.836	1.0	NonTarget	1	318836
318.934	1.0	NonTarget	1	318934
319.034	1.0	Target	2	319034
319.133	1.0	NonTarget	1	319133
319.237	1.0	NonTarget	1	319237
319.338	1.0	NonTarget	1	319338
319.435	1.0	NonTarget	1	319435
319.535	1.0	NonTarget	1	319535
319.635	1.0	NonTarget	1	319635
319.735	1.0	NonTarget	1	319735
319.835	1.0	NonTarget	1	319835
319.935	1.0	NonTarget	1	319935
320.035	1.0	NonTarget	1	320035
320.134	1.0	NonTarget	1	320134
320.235	1.0	NonTarget	1	320235
320.335	1.0	NonTarget	1	320335
320.435	1.0	NonTarget	1	320435
320.539	1.0	NonTarget	1	320539
320.636	1.0	NonTarget	1	320636
320.736	1.0	NonTarget	1	320736
320.837	1.0	NonTarget	1	320837
320.938	1.0	NonTarget	1	320938
321.035	1.0	NonTarget	1	321035
321.135	1.0	NonTarget	1	321135
321.236	1.0	NonTarget	1	321236
321.336	1.0	NonTarget	1	321336
321.436	1.0	NonTarget	1	321436
321.536	1.0	NonTarget	1	321536
321.636	1.0	NonTarget	1	321636
321.741	1.0	NonTarget	1	321741
321.836	1.0	NonTarget	1	321836
321.937	1.0	NonTarget	1	321937
322.037	1.0	NonTarget	1	322037
322.137	1.0	NonTarget	1	322137
322.238	1.0	NonTarget	1	322238
322.337	1.0	NonTarget	1	322337
322.437	1.0	NonTarget	1	322437
322.537	1.0	NonTarget	1	322537
322.637	1.0	NonTarget	1	322637
322.737	1.0	NonTarget	1	322737
322.838	1.0	Target	2	322838
322.94	1.0	NonTarget	1	322940
323.036	1.0	NonTarget	1	323036
323.137	1.0	NonTarget	1	323137
323.237	1.0	NonTarget	1	323237
323.337	1.0	NonTarget	1	323337
323.437	1.0	NonTarget	1	323437
323.538	1.0	NonTarget	1	323538
323.641	1.0	NonTarget	1	323641
323.742	1.0	NonTarget	1	323742
323.838	1.0	Target	2	323838
323.938	1.0	NonTarget	1	323938
324.038	1.0	NonTarget	1	324038
324.14	1.0	NonTarget	1	324140
324.237	1.0	NonTarget	1	324237
324.338	1.0	NonTarget	1	324338
324.438	1.0	NonTarget	1	324438
324.538	1.0	NonTarget	1	324538
324.638	1.0	NonTarget	1	324638
324.739	1.0	NonTarget	1	324739
324.84	1.0	NonTarget	1	324840
324.938	1.0	NonTarget	1	324938
325.038	1.0	NonTarget	1	325038
325.138	1.0	NonTarget	1	325138
325.239	1.0	NonTarget	1	325239
325.341	1.0	NonTarget	1	325341
325.439	1.0	NonTarget	1	325439
325.538	1.0	NonTarget	1	325538
325.639	1.0	NonTarget	1	325639
325.74	1.0	NonTarget	1	325740
325.841	1.0	NonTarget	1	325841
325.938	1.0	Target	2	325938
326.039	1.0	NonTarget	1	326039
326.139	1.0	NonTarget	1	326139
326.241	1.0	NonTarget	1	326241
326.34	1.0	NonTarget	1	326340
326.439	1.0	NonTarget	1	326439
326.538	1.0	NonTarget	1	326538
326.639	1.0	NonTarget	1	326639
326.742	1.0	NonTarget	1	326742
326.839	1.0	NonTarget	1	326839
326.939	1.0	NonTarget	1	326939
327.041	1.0	NonTarget	1	327041
339.804	1.0	NonTarget	1	339804
339.897	1.0	NonTarget	1	339897
339.996	1.0	NonTarget	1	339996
340.096	1.0	NonTarget	1	340096
340.196	1.0	NonTarget	1	340196
340.297	1.0	NonTarget	1	340297
340.396	1.0	NonTarget	1	340396
340.496	1.0	NonTarget	1	340496
340.597	1.0	NonTarget	1	340597
340.698	1.0	NonTarget	1	340698
340.799	1.0	NonTarget	1	340799
340.896	1.0	NonTarget	1	340896
340.996	1.0	NonTarget	1	340996
341.097	1.0	NonTarget	1	341097
341.198	1.0	NonTarget	1	341198
341.299	1.0	NonTarget	1	341299
341.397	1.0	NonTarget	1	341397
341.497	1.0	NonTarget	1	341497
341.598	1.0	NonTarget	1	341598
341.697	1.0	NonTarget	1	341697
341.797	1.0	NonTarget	1	341797
341.897	1.0	NonTarget	1	341897
341.998	1.0	NonTarget	1	341998
342.098	1.0	NonTarget	1	342098
342.199	1.0	NonTarget	1	342199
342.298	1.0	NonTarget	1	342298
342.398	1.0	NonTarget	1	342398
342.499	1.0	NonTarget	1	342499
342.597	1.0	NonTarget	1	342597
342.698	1.0	NonTarget	1	342698
342.798	1.0	NonTarget	1	342798
342.899	1.0	NonTarget	1	342899
343.001	1.0	NonTarget	1	343001
343.098	1.0	NonTarget	1	343098
343.198	1.0	NonTarget	1	343198
343.299	1.0	NonTarget	1	343299
343.401	1.0	Target	2	343401
343.501	1.0	NonTarget	1	343501
343.598	1.0	NonTarget	1	343598
343.699	1.0	NonTarget	1	343699
343.798	1.0	NonTarget	1	343798
343.897	1.0	NonTarget	1	343897
343.998	1.0	NonTarget	1	343998
344.099	1.0	NonTarget	1	344099
344.2	1.0	NonTarget	1	344200
344.298	1.0	NonTarget	1	344298
344.398	1.0	NonTarget	1	344398
344.499	1.0	NonTarget	1	344499
344.599	1.0	NonTarget	1	344599
344.699	1.0	NonTarget	1	344699
344.798	1.0	NonTarget	1	344798
344.899	1.0	Target	2	344899
345.0	1.0	NonTarget	1	345000
345.099	1.0	NonTarget	1	345099
345.199	1.0	NonTarget	1	345199
345.299	1.0	NonTarget	1	345299
345.4	1.0	NonTarget	1	345400
345.501	1.0	NonTarget	1	345501
345.599	1.0	NonTarget	1	345599
345.699	1.0	NonTarget	1	345699
345.8	1.0	NonTarget	1	345800
345.901	1.0	Target	2	345901
345.999	1.0	NonTarget	1	345999
346.099	1.0	NonTarget	1	346099
346.2	1.0	NonTarget	1	346200
346.297	1.0	NonTarget	1	346297
346.4	1.0	NonTarget	1	346400
346.5	1.0	NonTarget	1	346500
346.601	1.0	NonTarget	1	346601
346.699	1.0	NonTarget	1	346699
346.799	1.0	Target	2	346799
346.9	1.0	NonTarget	1	346900
347.001	1.0	NonTarget	1	347001
347.102	1.0	NonTarget	1	347102
347.2	1.0	NonTarget	1	347200
347.3	1.0	NonTarget	1	347300
347.4	1.0	NonTarget	1	347400
347.501	1.0	NonTarget	1	347501
347.6	1.0	NonTarget	1	347600
347.7	1.0	NonTarget	1	347700
347.8	1.0	NonTarget	1	347800
347.901	1.0	NonTarget	1	347901
348.002	1.0	NonTarget	1	348002
348.1	1.0	NonTarget	1	348100
348.201	1.0	NonTarget	1	348201
348.3	1.0	NonTarget	1	348300
348.401	1.0	NonTarget	1	348401
348.5	1.0	NonTarget	1	348500
348.601	1.0	NonTarget	1	348601
348.7	1.0	NonTarget	1	348700
348.804	1.0	NonTarget	1	348804
348.902	1.0	NonTarget	1	348902
349.002	1.0	NonTarget	1	349002
349.102	1.0	NonTarget	1	349102
349.202	1.0	NonTarget	1	349202
349.304	1.0	NonTarget	1	349304
349.404	1.0	NonTarget	1	349404
349.501	1.0	NonTarget	1	349501
349.601	1.0	NonTarget	1	349601
349.702	1.0	NonTarget	1	349702
363.848	1.0	NonTarget	1	363848
363.942	1.0	NonTarget	1	363942
364.042	1.0	NonTarget	1	364042
364.146	1.0	NonTarget	1	364146
364.244	1.0	NonTarget	1	364244
364.346	1.0	NonTarget	1	364346
364.442	1.0	NonTarget	1	364442
364.543	1.0	NonTarget	1	364543
364.643	1.0	NonTarget	1	364643
364.744	1.0	NonTarget	1	364744
364.841	1.0	NonTarget	1	364841
364.943	1.0	NonTarget	1	364943
365.042	1.0	NonTarget	1	365042
365.143	1.0	NonTarget	1	365143
365.244	1.0	NonTarget	1	365244
365.345	1.0	NonTarget	1	365345
365.443	1.0	NonTarget	1	365443
365.543	1.0	NonTarget	1	365543
365.644	1.0	NonTarget	1	365644
365.745	1.0	NonTarget	1	365745
365.846	1.0	NonTarget	1	365846
365.947	1.0	NonTarget	1	365947
366.043	1.0	NonTarget	1	366043
366.144	1.0	NonTarget	1	366144
366.244	1.0	NonTarget	1	366244
366.344	1.0	NonTarget	1	366344
366.444	1.0	Target	2	366444
366.546	1.0	NonTarget	1	366546
366.647	1.0	NonTarget	1	366647
366.744	1.0	NonTarget	1	366744
366.844	1.0	NonTarget	1	366844
366.944	1.0	NonTarget	1	366944
367.045	1.0	NonTarget	1	367045
367.147	1.0	NonTarget	1	367147
367.244	1.0	NonTarget	1	367244
367.345	1.0	NonTarget	1	367345
367.445	1.0	NonTarget	1	367445
367.546	1.0	NonTarget	1	367546
367.645	1.0	NonTarget	1	367645
367.744	1.0	NonTarget	1	367744
367.845	1.0	Target	2	367845
367.946	1.0	NonTarget	1	367946
368.047	1.0	NonTarget	1	368047
368.145	1.0	NonTarget	1	368145
368.245	1.0	NonTarget	1	368245
368.345	1.0	NonTarget	1	368345
368.445	1.0	NonTarget	1	368445
368.547	1.0	NonTarget	1	368547
368.647	1.0	NonTarget	1	368647
368.745	1.0	NonTarget	1	368745
368.846	1.0	NonTarget	1	368846
368.946	1.0	NonTarget	1	368946
369.047	1.0	NonTarget	1	369047
369.145	1.0	NonTarget	1	369145
369.246	1.0	NonTarget	1	369246
369.347	1.0	NonTarget	1	369347
369.448	1.0	NonTarget	1	369448
369.545	1.0	NonTarget	1	369545
369.645	1.0	NonTarget	1	369645
369.746	1.0	NonTarget	1	369746
369.847	1.0	NonTarget	1	369847
369.948	1.0	NonTarget	1	369948
370.045	1.0	NonTarget	1	370045
370.146	1.0	NonTarget	1	370146
370.247	1.0	NonTarget	1	370247
370.346	1.0	NonTarget	1	370346
370.446	1.0	NonTarget	1	370446
370.545	1.0	NonTarget	1	370545
370.645	1.0	NonTarget	1	370645
370.746	1.0	NonTarget	1	370746
370.846	1.0	Target	2	370846
370.946	1.0	NonTarget	1	370946
371.047	1.0	NonTarget	1	371047
371.147	1.0	NonTarget	1	371147
371.247	1.0	NonTarget	1	371247
371.346	1.0	NonTarget	1	371346
371.45	1.0	NonTarget	1	371450
371.547	1.0	NonTarget	1	371547
371.646	1.0	NonTarget	1	371646
371.747	1.0	NonTarget	1	371747
371.847	1.0	NonTarget	1	371847
371.948	1.0	NonTarget	1	371948
372.048	1.0	NonTarget	1	372048
372.146	1.0	NonTarget	1	372146
372.246	1.0	NonTarget	1	372246
372.347	1.0	NonTarget	1	372347
372.447	1.0	NonTarget	1	372447
372.548	1.0	NonTarget	1	372548
372.647	1.0	NonTarget	1	372647
372.746	1.0	Target	2	372746
372.847	1.0	NonTarget	1	372847
372.948	1.0	NonTarget	1	372948
373.048	1.0	NonTarget	1	373048
373.146	1.0	NonTarget	1	373146
373.247	1.0	NonTarget	1	373247
373.348	1.0	NonTarget	1	373348
373.447	1.0	NonTarget	1	373447
373.548	1.0	NonTarget	1	373548
373.647	1.0	NonTarget	1	373647
373.747	1.0	NonTarget	1	373747
